ticker,date,open,high,low,close,adj_close,volume
^AEX,2026-05-17 22:00:00,1005.1599731445312,1019.0599975585938,1004.1500244140624,1015.719970703125,1015.719970703125,60215000
^AEX,2026-05-18 22:00:00,1018.010009765625,1025.219970703125,1017.780029296875,1018.8200073242188,1018.8200073242188,51301500
^AEX,2026-05-19 22:00:00,1016.97998046875,1037.800048828125,1016.8599853515624,1033.72998046875,1033.72998046875,56686900
^AEX,2026-05-20 22:00:00,1030.0400390625,1038.510009765625,1028.1500244140625,1034.97998046875,1034.97998046875,65165400
^AEX,2026-05-21 22:00:00,1042.3399658203125,1048.56005859375,1041.3800048828125,1045.050048828125,1045.050048828125,57089900
^AEX,2026-05-24 22:00:00,1050.8199462890625,1056.800048828125,1047.3699951171875,1053.27001953125,1053.27001953125,28691800
^AEX,2026-05-25 22:00:00,1054.0,1054.0,1042.1800537109375,1042.1800537109375,1042.1800537109375,45526200
^AEX,2026-05-26 22:00:00,1043.0,1048.7099609375,1037.469970703125,1039.949951171875,1039.949951171875,51594500
^AEX,2026-05-27 22:00:00,1037.6800537109375,1039.949951171875,1031.719970703125,1037.18994140625,1037.18994140625,51458600
^AEX,2026-05-28 22:00:00,1038.3199462890625,1045.0,1033.6800537109375,1034.9300537109375,1034.9300537109375,121743700
^AEX,2026-05-31 22:00:00,1034.2900390625,1036.02001953125,1026.739990234375,1036.02001953125,1036.02001953125,54133100
^AEX,2026-06-01 22:00:00,1044.56005859375,1049.510009765625,1042.239990234375,1049.06005859375,1049.06005859375,51585600
^AEX,2026-06-02 22:00:00,1052.31005859375,1053.3699951171875,1042.8199462890625,1043.949951171875,1043.949951171875,53430300
^AEX,2026-06-03 22:00:00,1040.0,1046.8199462890625,1033.5400390625,1046.8199462890625,1046.8199462890625,60419400
^AEX,2026-06-04 22:00:00,1042.5699462890625,1047.1800537109375,1039.22998046875,1041.0999755859375,1041.0999755859375,50853700
^AEX,2026-06-07 22:00:00,1031.719970703125,1049.72998046875,1029.739990234375,1044.989990234375,1044.989990234375,55868200
^AEX,2026-06-08 22:00:00,1046.199951171875,1062.4000244140625,1046.0400390625,1046.8599853515625,1046.8599853515625,55506900
^AEX,2026-06-09 22:00:00,1049.9599609375,1057.9100341796875,1039.6600341796875,1051.9200439453125,1051.9200439453125,61451200
^AEX,2026-06-10 22:00:00,1054.550048828125,1069.2900390625,1054.1300048828125,1063.0899658203125,1063.0899658203125,57995800
^AEX,2026-06-11 22:00:00,1069.8800048828125,1081.1800537109375,1065.6400146484375,1081.1800537109375,1081.1800537109375,69561100
^AEX,2026-06-14 22:00:00,1090.949951171875,1091.7099609375,1073.9599609375,1075.52001953125,1075.52001953125,60688300
^AEX,2026-06-15 22:00:00,1077.050048828125,1079.3800048828125,1069.449951171875,1070.050048828125,1070.050048828125,50693500
^AEX,2026-06-16 22:00:00,1070.6400146484375,1082.699951171875,1069.6600341796875,1082.699951171875,1082.699951171875,62560600
^AEX,2026-06-17 22:00:00,1077.31005859375,1082.9000244140625,1075.22998046875,1081.4100341796875,1081.4100341796875,68219400
^AEX,2026-06-18 22:00:00,1079.6400146484375,1081.8699951171875,1076.300048828125,1078.1600341796875,1078.1600341796875,130827900
^AEX,2026-06-21 22:00:00,1080.3900146484375,1087.9300537109375,1078.6700439453125,1082.9300537109375,1082.9300537109375,61769900
^AEX,2026-06-22 22:00:00,1069.1400146484375,1071.280029296875,1062.530029296875,1065.6300048828125,1065.6300048828125,53354000
^AEX,2026-06-23 22:00:00,1069.5999755859375,1070.0899658203125,1060.81005859375,1065.3499755859375,1065.3499755859375,56357900
^AEX,2026-06-24 22:00:00,1070.9100341796875,1075.8299560546875,1065.199951171875,1067.7099609375,1067.7099609375,56886700
^AEX,2026-06-25 22:00:00,1063.9200439453125,1064.239990234375,1053.0400390625,1060.72998046875,1060.72998046875,46606600
^AEX,2026-06-28 22:00:00,1062.8699951171875,1067.2900390625,1057.0899658203125,1065.3399658203125,1065.3399658203125,45845400
^AEX,2026-06-29 22:00:00,1072.3199462890625,1082.0699462890625,1069.510009765625,1080.1700439453125,1080.1700439453125,55289800
^AEX,2026-06-30 22:00:00,1079.25,1080.27001953125,1070.1500244140625,1073.1400146484375,1073.1400146484375,57894400
^AEX,2026-07-01 22:00:00,1066.72998046875,1080.3599853515625,1066.5899658203125,1072.739990234375,1072.739990234375,53230200
^AEX,2026-07-02 22:00:00,1077.199951171875,1084.8199462890625,1075.1600341796875,1083.1800537109375,1083.1800537109375,36809500
^AEX,2026-07-05 22:00:00,1082.1500244140625,1085.6700439453125,1076.8499755859375,1082.4100341796875,1082.4100341796875,41219400
^AEX,2026-07-06 22:00:00,1081.1800537109375,1087.219970703125,1079.0,1079.0,1079.0,47584200
^AEX,2026-07-07 22:00:00,1080.4000244140625,1082.4200439453125,1070.260009765625,1076.1500244140625,1076.1500244140625,57078100
^AEX,2026-07-08 22:00:00,1082.8199462890625,1085.7900390625,1078.97998046875,1083.3199462890625,1083.3199462890625,43730400
^AEX,2026-07-09 22:00:00,1078.550048828125,1086.5899658203125,1077.02001953125,1084.22998046875,1084.22998046875,40795500
^AEX,2026-07-12 22:00:00,1081.510009765625,1086.4100341796875,1079.8699951171875,1085.4000244140625,1085.4000244140625,37617200
^AEX,2026-07-13 22:00:00,1083.0899658203125,1091.25,1079.0,1089.8599853515625,1089.8599853515625,45946000
^AEX,2026-07-14 22:00:00,1100.3800048828125,1102.3699951171875,1095.5699462890625,1097.9000244140625,1097.9000244140625,46057000
^AEX,2026-07-15 22:00:00,1100.9200439453125,1102.3800048828125,1088.7099609375,1102.3800048828125,1102.3800048828125,41729600
^AEX,2026-07-16 22:00:00,1090.969970703125,1096.0999755859375,1086.239990234375,1091.969970703125,1091.969970703125,53079600
^AEX,2026-07-19 22:00:00,1091.4300537109375,1096.6700439453125,1088.8499755859375,1090.530029296875,1090.530029296875,36593200
^AEX,2026-07-20 22:00:00,1093.3399658203125,1096.739990234375,1088.7099609375,1096.739990234375,1096.739990234375,51158200
^AEX,2026-07-21 22:00:00,1088.8299560546875,1102.469970703125,1087.22998046875,1100.81005859375,1100.81005859375,48803600
^AEX,2026-07-22 22:00:00,1098.989990234375,1099.280029296875,1084.5699462890625,1086.6700439453125,1086.6700439453125,55948700
^AEX,2026-07-23 22:00:00,1081.75,1091.3399658203125,1081.75,1090.0400390625,1090.0400390625,42583000
^AEX,2026-07-26 22:00:00,1093.1099853515625,1099.1199951171875,1081.1300048828125,1081.1300048828125,1081.1300048828125,52121900
^AEX,2026-07-27 22:00:00,1083.3199462890625,1095.1199951171875,1082.010009765625,1092.5,1092.5,57986400
^AEX,2026-07-28 22:00:00,1093.5999755859375,1094.5999755859375,1085.5,1093.0999755859375,1093.0999755859375,47619300
^AEX,2026-07-29 22:00:00,1092.3499755859375,1109.02001953125,1092.219970703125,1104.68994140625,1104.68994140625,63285700
^AEX,2026-07-30 22:00:00,1106.3900146484375,1112.1700439453125,1095.9100341796875,1099.1800537109375,1099.1800537109375,86849300
^AEX,2026-08-02 22:00:00,1097.3599853515625,1102.6199951171875,1096.4000244140625,1102.219970703125,1102.219970703125,53878300
^AEX,2026-08-03 22:00:00,1107.3800048828125,1113.8599853515625,1107.3800048828125,1112.489990234375,1112.489990234375,58588400
^AEX,2026-08-04 22:00:00,1117.4200439453125,1118.239990234375,1110.7900390625,1111.3399658203125,1111.3399658203125,59898400
^AEX,2026-08-05 22:00:00,1110.8499755859375,1114.97998046875,1108.8199462890625,1112.469970703125,1112.469970703125,51270400
^AEX,2026-08-06 22:00:00,1111.010009765625,1116.6800537109375,1110.68994140625,1111.469970703125,1111.469970703125,51959700
^AEX,2026-08-09 22:00:00,1111.8900146484375,1117.010009765625,1111.02001953125,1113.3499755859375,1113.3499755859375,40512700
^AEX,2026-08-10 22:00:00,1115.3599853515625,1121.3199462890625,1114.02001953125,1116.77001953125,1116.77001953125,48252500
^AEX,2026-08-11 22:00:00,1120.5699462890625,1120.5699462890625,1109.699951171875,1112.280029296875,1112.280029296875,55998800
^AEX,2026-08-12 22:00:00,1116.5,1120.6500244140625,1114.010009765625,1119.5899658203125,1119.5899658203125,48835500
^AEX,2026-08-13 22:00:00,1121.719970703125,1124.1300048828125,1117.219970703125,1117.8199462890625,1117.8199462890625,41974000
^AEX,2026-08-16 22:00:00,1119.469970703125,1122.489990234375,1114.56005859375,1114.800048828125,1114.800048828125,37909900
^AEX,2026-08-17 22:00:00,1112.8800048828125,1115.1500244140625,1106.7099609375,1107.3199462890625,1107.3199462890625,45834100
^AEX,2026-08-18 22:00:00,1107.8199462890625,1107.989990234375,1101.7099609375,1102.4300537109375,1102.4300537109375,50961000
^AEX,2026-08-19 22:00:00,1102.93994140625,1105.780029296875,1096.7099609375,1102.780029296875,1102.780029296875,48897700
^AEX,2026-08-20 22:00:00,1102.8299560546875,1107.52001953125,1101.6300048828125,1105.969970703125,1105.969970703125,43034900
^AEX,2026-08-23 22:00:00,1103.030029296875,1111.010009765625,1102.1800537109375,1109.949951171875,1109.949951171875,40383600
^AEX,2026-08-24 22:00:00,1113.050048828125,1113.050048828125,1104.4300537109375,1108.3399658203125,1108.3399658203125,40683100
^AEX,2026-08-25 22:00:00,1108.56005859375,1110.8900146484375,1103.0,1107.760009765625,1107.760009765625,39165400
^AEX,2026-08-26 22:00:00,1108.5400390625,1108.800048828125,1099.1400146484375,1103.3800048828125,1103.3800048828125,46568800
^AEX,2026-08-27 22:00:00,1107.4200439453125,1112.7900390625,1103.97998046875,1112.280029296875,1112.280029296875,41497100
^AEX,2026-08-30 22:00:00,1110.989990234375,1114.4300537109375,1105.1099853515625,1105.77001953125,1105.77001953125,77985700
^AEX,2026-08-31 22:00:00,1108.1600341796875,1109.77001953125,1099.699951171875,1101.9200439453125,1101.9200439453125,50073100
^AEX,2026-09-01 22:00:00,1099.56005859375,1103.77001953125,1096.2900390625,1103.6700439453125,1103.6700439453125,46808100
^AEX,2026-09-02 22:00:00,1104.1500244140625,1105.75,1098.8599853515625,1104.6199951171875,1104.6199951171875,47146000
^AEX,2026-09-03 22:00:00,1104.969970703125,1114.6500244140625,1103.81005859375,1113.5,1113.5,49417900
^AEX,2026-09-06 22:00:00,1113.469970703125,1118.2099609375,1110.0999755859375,1115.4200439453125,1115.4200439453125,30894600
^AEX,2026-09-07 22:00:00,1115.47998046875,1121.9000244140625,1114.6099853515625,1116.050048828125,1116.050048828125,41172900
^AEX,2026-09-08 22:00:00,1113.1700439453125,1114.25,1097.7900390625,1101.8900146484375,1101.8900146484375,56013900
^AEX,2026-09-09 22:00:00,1101.3199462890625,1102.510009765625,1091.77001953125,1093.27001953125,1093.27001953125,41756000
^AEX,2026-09-10 22:00:00,1094.18994140625,1103.4599609375,1091.7099609375,1098.760009765625,1098.760009765625,42056800
^AEX,2026-09-13 22:00:00,1096.780029296875,1101.1800537109375,1095.280029296875,1098.3499755859375,1098.3499755859375,46415000
^AEX,2026-09-14 22:00:00,1096.300048828125,1097.1199951171875,1089.4100341796875,1095.8699951171875,1095.8699951171875,48960700
^AEX,2026-09-15 22:00:00,1098.030029296875,1100.6300048828125,1095.510009765625,1096.1400146484375,1096.1400146484375,48388400
^AEX,2026-09-16 22:00:00,1100.3599853515625,1104.02001953125,1098.239990234375,1100.800048828125,1100.800048828125,47982600
^AEX,2026-09-17 22:00:00,1100.47998046875,1102.6500244140625,1090.0400390625,1095.0899658203125,1095.0899658203125,145288400
^AEX,2026-09-20 22:00:00,1100.760009765625,1106.47998046875,1099.4000244140625,1102.3499755859375,1102.3499755859375,40749600
^AEX,2026-09-21 22:00:00,1108.5,1116.1300048828125,1105.02001953125,1110.9300537109375,1110.9300537109375,49021800
^AEX,2026-09-22 22:00:00,1113.780029296875,1113.780029296875,1105.2099609375,1107.9300537109375,1107.9300537109375,44848100
^AEX,2026-09-23 22:00:00,1107.72998046875,1112.8800048828125,1105.050048828125,1106.8399658203125,1106.8399658203125,44162300
^AEX,2026-09-24 22:00:00,1111.0400390625,1117.1300048828125,1110.3299560546875,1112.0899658203125,1112.0899658203125,60479000
^AEX,2026-09-27 22:00:00,1114.72998046875,1122.0999755859375,1111.93994140625,1116.1199951171875,1116.1199951171875,41851500
^AEX,2026-09-28 22:00:00,1119.18994140625,1125.0,1119.050048828125,1120.18994140625,1120.18994140625,43315800
^AEX,2026-09-29 22:00:00,1122.1700439453125,1127.3800048828125,1114.9000244140625,1114.9000244140625,1114.9000244140625,55558400
^AEX,2026-09-30 22:00:00,1111.510009765625,1111.510009765625,1096.449951171875,1102.6300048828125,1102.6300048828125,64564600
^AEX,2026-10-01 22:00:00,1107.449951171875,1121.43994140625,1105.760009765625,1116.7099609375,1116.7099609375,57462300
^DJI,2026-05-12 04:00:00,49739.62109375,49823.94140625,49307.66015625,49760.55859375,49760.55859375,498360000
^DJI,2026-05-13 04:00:00,49674.578125,49747.609375,49451.0,49693.19921875,49693.19921875,485990000
^DJI,2026-05-14 04:00:00,49843.578125,50200.5390625,49843.578125,50063.4609375,50063.4609375,504090000
^DJI,2026-05-15 04:00:00,49930.26171875,49930.26171875,49503.5703125,49526.171875,49526.171875,587920000
^DJI,2026-05-18 04:00:00,49481.0390625,49761.16015625,49352.55859375,49686.12109375,49686.12109375,461520000
^DJI,2026-05-19 04:00:00,49696.53125,49696.53125,49245.109375,49363.87890625,49363.87890625,494840000
^DJI,2026-05-20 04:00:00,49348.828125,50067.21875,49235.73828125,50009.3515625,50009.3515625,513230000
^DJI,2026-05-21 04:00:00,49983.80078125,50381.41015625,49697.46875,50285.66015625,50285.66015625,560940000
^DJI,2026-05-22 04:00:00,50434.6484375,50830.23828125,50434.6484375,50579.69921875,50579.69921875,463470000
^DJI,2026-05-26 04:00:00,50686.1484375,50785.6796875,50356.640625,50461.6796875,50461.6796875,530360000
^DJI,2026-05-27 04:00:00,50487.16015625,50830.41015625,50487.16015625,50644.28125,50644.28125,503580000
^DJI,2026-05-28 04:00:00,50660.98046875,50764.0390625,50314.33984375,50668.96875,50668.96875,505090000
^DJI,2026-05-29 04:00:00,50773.91015625,51094.1796875,50698.26953125,51032.4609375,51032.4609375,894700000
^DJI,2026-06-01 04:00:00,51161.1015625,51161.1015625,50767.3203125,51078.87890625,51078.87890625,625190000
^DJI,2026-06-02 04:00:00,50912.83984375,51369.609375,50829.55078125,51307.7890625,51307.7890625,548760000
^DJI,2026-06-03 04:00:00,51220.921875,51220.921875,50687.0703125,50687.0703125,50687.0703125,546850000
^DJI,2026-06-04 04:00:00,50986.1015625,51657.890625,50986.1015625,51561.9296875,51561.9296875,520670000
^DJI,2026-06-05 04:00:00,51610.01953125,51660.3984375,50781.44921875,50866.78125,50866.78125,638680000
^DJI,2026-06-08 04:00:00,50997.23046875,51277.1484375,50732.3515625,50786.01171875,50786.01171875,477180000
^DJI,2026-06-09 04:00:00,50814.421875,51260.921875,50211.12109375,50872.109375,50872.109375,566610000
^DJI,2026-06-10 04:00:00,50760.12109375,50769.26171875,49909.0703125,49918.78125,49918.78125,503790000
^DJI,2026-06-11 04:00:00,49972.0703125,50968.94921875,49972.0703125,50848.75,50848.75,516860000
^DJI,2026-06-12 04:00:00,51148.73046875,51409.69921875,50827.83984375,51202.26171875,51202.26171875,427710000
^DJI,2026-06-15 04:00:00,51364.55078125,51945.890625,51364.55078125,51671.03125,51671.03125,509660000
^DJI,2026-06-16 04:00:00,51712.62890625,52190.2890625,51712.62890625,51999.671875,51999.671875,447100000
^DJI,2026-06-17 04:00:00,51937.55859375,52281.19140625,51392.578125,51492.55078125,51492.55078125,496040000
^DJI,2026-06-18 04:00:00,51571.8515625,51949.26171875,51554.53125,51564.69921875,51564.69921875,985370000
^DJI,2026-06-22 04:00:00,51555.19140625,51887.8515625,51555.19140625,51712.7109375,51712.7109375,529120000
^DJI,2026-06-23 04:00:00,51735.640625,51872.55859375,51301.76953125,51666.83984375,51666.83984375,548870000
^DJI,2026-06-24 04:00:00,51660.75,52248.69140625,51617.73046875,51848.8984375,51848.8984375,560270000
^DJI,2026-06-25 04:00:00,52009.01953125,52655.66015625,51857.78125,51920.62109375,51920.62109375,639230000
^DJI,2026-06-26 04:00:00,51803.76953125,52130.0703125,51614.73828125,51876.109375,51876.109375,1297680000
^DJI,2026-06-29 04:00:00,51995.140625,52311.62890625,51949.5390625,52182.73828125,52182.73828125,580440000
^DJI,2026-06-30 04:00:00,52168.1796875,52387.44921875,52033.12890625,52319.19921875,52319.19921875,622980000
^DJI,2026-07-01 04:00:00,52231.1796875,52742.66015625,52026.640625,52305.23828125,52305.23828125,622970000
^DJI,2026-07-02 04:00:00,52395.21875,52903.8515625,52395.21875,52900.0703125,52900.0703125,548820000
^DJI,2026-07-06 04:00:00,52828.44921875,53060.1015625,52648.69140625,53055.91015625,53055.91015625,467390000
^DJI,2026-07-07 04:00:00,53104.05859375,53289.30078125,52774.171875,52925.1484375,52925.1484375,442010000
^DJI,2026-07-08 04:00:00,52758.46875,52758.46875,52069.87109375,52348.390625,52348.390625,454130000
^DJI,2026-07-09 04:00:00,52249.44140625,52574.890625,52249.44140625,52487.41015625,52487.41015625,456760000
^DJI,2026-07-10 04:00:00,52622.921875,52709.75,52266.80859375,52637.01171875,52637.01171875,408090000
^DJI,2026-07-13 04:00:00,52676.53125,52846.51171875,52351.12109375,52498.640625,52498.640625,399240000
^DJI,2026-07-14 04:00:00,52046.359375,52695.05859375,52046.359375,52508.26953125,52508.26953125,464870000
^DJI,2026-07-15 04:00:00,52604.19921875,52823.94921875,52428.5390625,52658.640625,52658.640625,506020000
^DJI,2026-07-16 04:00:00,52924.859375,52924.859375,52367.421875,52552.96875,52552.96875,528320000
^DJI,2026-07-17 04:00:00,52426.4609375,52610.96875,51986.73828125,52146.421875,52146.421875,549690000
^DJI,2026-07-20 04:00:00,52154.5703125,52411.8984375,51781.8984375,51839.26171875,51839.26171875,397690000
^DJI,2026-07-21 04:00:00,51916.7890625,52370.6484375,51890.1015625,52224.640625,52224.640625,404610000
^DJI,2026-07-22 04:00:00,52287.140625,52511.2109375,52148.87109375,52218.578125,52218.578125,449100000
^DJI,2026-07-23 04:00:00,51755.5390625,51885.140625,51542.05859375,51711.6484375,51711.6484375,496570000
^DJI,2026-07-24 04:00:00,51791.37109375,52118.19140625,51682.359375,51947.25,51947.25,437530000
^DJI,2026-07-27 04:00:00,52173.421875,52607.78125,51985.37890625,52210.078125,52210.078125,487490000
^DJI,2026-07-28 04:00:00,52492.87890625,52901.87109375,52443.51953125,52747.3203125,52747.3203125,544740000
^DJI,2026-07-29 04:00:00,52674.2109375,52674.2109375,51551.1796875,51594.140625,51594.140625,531850000
^DJI,2026-07-30 04:00:00,52114.26953125,52266.44921875,51655.51953125,52208.05859375,52208.05859375,631410000
^DJI,2026-07-31 04:00:00,52235.03125,52623.140625,51996.3203125,52485.03125,52485.03125,697510000
^DJI,2026-08-03 04:00:00,52759.05859375,53230.078125,52759.05859375,53178.41015625,53178.41015625,598420000
^DJI,2026-08-04 04:00:00,53641.2109375,54272.6015625,53641.2109375,54085.87890625,54085.87890625,580350000
^DJI,2026-08-05 04:00:00,54266.12109375,54744.328125,54266.12109375,54349.12109375,54349.12109375,519020000
^DJI,2026-08-06 04:00:00,54426.8515625,54502.87109375,53835.01953125,53885.1015625,53885.1015625,416810000
^DJI,2026-08-07 04:00:00,53849.26171875,54094.6484375,53807.94140625,54036.9296875,54036.9296875,378680000
^DJI,2026-08-10 04:00:00,54072.66015625,54072.66015625,53850.19140625,53975.98046875,53975.98046875,413890000
^DJI,2026-08-11 04:00:00,53961.6015625,54222.8515625,53746.4296875,53791.8515625,53791.8515625,379390000
^DJI,2026-08-12 04:00:00,53797.46875,53969.359375,53731.9609375,53770.26953125,53770.26953125,410990000
^DJI,2026-08-13 04:00:00,53828.55078125,54049.140625,53622.4609375,53839.98828125,53839.98828125,417340000
^DJI,2026-08-14 04:00:00,53842.80078125,53890.83984375,53673.46875,53732.41015625,53732.41015625,319610000
^DJI,2026-08-17 04:00:00,53663.109375,53663.109375,53395.23046875,53459.78125,53459.78125,436700000
^DJI,2026-08-18 04:00:00,53354.4296875,53478.76171875,53256.33984375,53343.3984375,53343.3984375,427990000
^DJI,2026-08-19 04:00:00,53463.46875,53710.05859375,53399.53125,53463.05078125,53463.05078125,451460000
^DJI,2026-08-20 04:00:00,53381.21875,53381.21875,52754.8984375,52759.2109375,52759.2109375,434340000
^DJI,2026-08-21 04:00:00,52768.87109375,53355.921875,52768.87109375,53277.01171875,53277.01171875,424060000
^DJI,2026-08-24 04:00:00,53261.94921875,53508.1796875,53261.94921875,53417.16015625,53417.16015625,416030000
^DJI,2026-08-25 04:00:00,53594.921875,53675.3203125,53386.37109375,53577.3984375,53577.3984375,392910000
^DJI,2026-08-26 04:00:00,53547.6796875,53639.75,53379.3984375,53463.87890625,53463.87890625,426130000
^DJI,2026-08-27 04:00:00,53613.66015625,53707.62109375,53345.62109375,53569.44140625,53569.44140625,640810000
^DJI,2026-08-28 04:00:00,53611.94140625,53819.6484375,53489.41015625,53559.98828125,53559.98828125,507510000
^DJI,2026-08-31 04:00:00,53462.6015625,53462.6015625,53123.62109375,53185.8984375,53185.8984375,489140000
^DJI,2026-09-01 04:00:00,53083.578125,53176.6015625,52691.30859375,52766.87890625,52766.87890625,403940000
^DJI,2026-09-02 04:00:00,52829.578125,53227.5,52829.578125,53061.94921875,53061.94921875,414520000
^DJI,2026-09-03 04:00:00,53309.171875,53746.5,53286.1484375,53686.109375,53686.109375,410260000
^DJI,2026-09-04 04:00:00,53584.890625,53635.3515625,53289.87890625,53414.25,53414.25,381130000
^DJI,2026-09-08 04:00:00,53110.44921875,53110.44921875,52721.62109375,52786.0703125,52786.0703125,417970000
^DJI,2026-09-09 04:00:00,52707.8984375,52707.8984375,52314.609375,52380.66015625,52380.66015625,403100000
^DJI,2026-09-10 04:00:00,52291.8515625,52291.8515625,51962.7109375,52064.1015625,52064.1015625,397900000
^DJI,2026-09-11 04:00:00,52204.4609375,52720.23828125,52204.4609375,52573.2890625,52573.2890625,354460000
^DJI,2026-09-14 04:00:00,52750.87890625,52750.87890625,52278.890625,52421.19921875,52421.19921875,442650000
^DJI,2026-09-15 04:00:00,52303.23828125,52336.609375,51875.6484375,52093.109375,52093.109375,374460000
^DJI,2026-09-16 04:00:00,52115.3984375,52173.69921875,51186.671875,51461.8984375,51461.8984375,395270000
^DJI,2026-09-17 04:00:00,51882.53125,51935.96875,51607.6484375,51778.0390625,51778.0390625,406100000
^DJI,2026-09-18 04:00:00,51826.78125,51826.78125,51497.46875,51682.640625,51682.640625,846980000
^DJI,2026-09-21 04:00:00,51936.76171875,52128.578125,51747.6796875,52048.828125,52048.828125,444350000
^DJI,2026-09-22 04:00:00,52301.921875,52319.01171875,51726.078125,51863.69140625,51863.69140625,444770000
^DJI,2026-09-23 04:00:00,51771.41015625,51846.80859375,51477.53125,51511.58984375,51511.58984375,428070000
^DJI,2026-09-24 04:00:00,51415.75,51485.96875,51124.01953125,51349.98046875,51349.98046875,390410000
^DJI,2026-09-25 04:00:00,51359.69921875,51874.94140625,51339.23828125,51828.62109375,51828.62109375,387540000
^DJI,2026-09-28 04:00:00,51648.48046875,51780.5,51409.6484375,51481.51171875,51481.51171875,455450000
^DJI,2026-09-29 04:00:00,51416.9609375,51505.19140625,51129.1796875,51349.921875,51349.921875,386240000
^DJI,2026-09-30 04:00:00,51424.83984375,51473.9296875,50906.05078125,50906.05078125,50906.05078125,487860000
^DJI,2026-10-01 04:00:00,51008.359375,51179.78125,50546.5390625,50926.55859375,50926.55859375,476440000
^DJI,2026-10-02 04:00:00,51241.1796875,51382.87890625,50950.609375,51176.9609375,51176.9609375,548950000
^FCHI,2026-05-17 22:00:00,7861.31982421875,8009.47021484375,7854.27978515625,7987.490234375,7987.490234375,66133000
^FCHI,2026-05-18 22:00:00,7995.81005859375,8073.580078125,7969.85009765625,7981.759765625,7981.759765625,56866500
^FCHI,2026-05-19 22:00:00,7954.56982421875,8175.240234375,7954.56982421875,8117.419921875,8117.419921875,66456800
^FCHI,2026-05-20 22:00:00,8109.77001953125,8153.5498046875,8055.89013671875,8086.0,8086.0,62747700
^FCHI,2026-05-21 22:00:00,8138.97021484375,8158.7900390625,8095.7099609375,8115.75,8115.75,57957000
^FCHI,2026-05-24 22:00:00,8185.43994140625,8280.98046875,8183.7099609375,8258.259765625,8258.259765625,38666600
^FCHI,2026-05-25 22:00:00,8237.83984375,8240.98046875,8168.1298828125,8173.10986328125,8173.10986328125,53203200
^FCHI,2026-05-26 22:00:00,8190.8798828125,8271.759765625,8190.8798828125,8207.8896484375,8207.8896484375,60907700
^FCHI,2026-05-27 22:00:00,8172.7998046875,8220.3701171875,8150.5498046875,8188.8701171875,8188.8701171875,59689800
^FCHI,2026-05-28 22:00:00,8224.6103515625,8286.4697265625,8183.33984375,8183.33984375,8183.33984375,153488500
^FCHI,2026-05-31 22:00:00,8171.22998046875,8222.240234375,8101.14990234375,8146.58984375,8146.58984375,62422300
^FCHI,2026-06-01 22:00:00,8191.47021484375,8244.6103515625,8166.52978515625,8209.08984375,8209.08984375,57090400
^FCHI,2026-06-02 22:00:00,8178.43017578125,8199.0302734375,8150.419921875,8150.419921875,8150.419921875,61410300
^FCHI,2026-06-03 22:00:00,8151.5498046875,8256.7900390625,8150.89013671875,8244.2900390625,8244.2900390625,51726700
^FCHI,2026-06-04 22:00:00,8265.1298828125,8296.009765625,8218.240234375,8218.240234375,8218.240234375,52498900
^FCHI,2026-06-07 22:00:00,8133.4599609375,8230.4697265625,8121.39990234375,8199.2900390625,8199.2900390625,56697200
^FCHI,2026-06-08 22:00:00,8179.22021484375,8290.7001953125,8175.60986328125,8203.4296875,8203.4296875,62474600
^FCHI,2026-06-09 22:00:00,8223.0498046875,8240.6298828125,8113.0,8161.830078125,8161.830078125,71176300
^FCHI,2026-06-10 22:00:00,8154.5400390625,8249.7900390625,8150.06005859375,8200.7998046875,8200.7998046875,60559500
^FCHI,2026-06-11 22:00:00,8315.3095703125,8397.6298828125,8302.6904296875,8350.8701171875,8350.8701171875,79607200
^FCHI,2026-06-14 22:00:00,8462.0703125,8506.650390625,8384.009765625,8384.009765625,8384.009765625,74187800
^FCHI,2026-06-15 22:00:00,8406.740234375,8461.9404296875,8401.58984375,8447.26953125,8447.26953125,62047700
^FCHI,2026-06-16 22:00:00,8435.1201171875,8476.7900390625,8408.900390625,8430.7900390625,8430.7900390625,75757200
^FCHI,2026-06-17 22:00:00,8433.08984375,8473.240234375,8406.169921875,8467.98046875,8467.98046875,90578200
^FCHI,2026-06-18 22:00:00,8473.6904296875,8501.3603515625,8419.2001953125,8421.1396484375,8421.1396484375,133245300
^FCHI,2026-06-21 22:00:00,8434.0703125,8435.8095703125,8353.0595703125,8400.1103515625,8400.1103515625,65664100
^FCHI,2026-06-22 22:00:00,8332.2998046875,8379.2900390625,8304.5703125,8340.7099609375,8340.7099609375,68769700
^FCHI,2026-06-23 22:00:00,8353.6796875,8395.8798828125,8334.76953125,8385.490234375,8385.490234375,67380300
^FCHI,2026-06-24 22:00:00,8388.8203125,8452.3798828125,8374.5,8431.6103515625,8431.6103515625,60223800
^FCHI,2026-06-25 22:00:00,8410.3603515625,8421.099609375,8342.6201171875,8384.8701171875,8384.8701171875,61223200
^FCHI,2026-06-28 22:00:00,8379.3603515625,8391.5595703125,8341.259765625,8367.330078125,8367.330078125,53787200
^FCHI,2026-06-29 22:00:00,8377.8603515625,8420.580078125,8363.23046875,8403.990234375,8403.990234375,69481300
^FCHI,2026-06-30 22:00:00,8391.6904296875,8391.6904296875,8316.5302734375,8337.2900390625,8337.2900390625,66915600
^FCHI,2026-07-01 22:00:00,8343.650390625,8503.240234375,8342.259765625,8474.8603515625,8474.8603515625,68163000
^FCHI,2026-07-02 22:00:00,8486.8896484375,8520.849609375,8457.6796875,8508.0703125,8508.0703125,44433900
^FCHI,2026-07-05 22:00:00,8519.8603515625,8561.3798828125,8465.7900390625,8479.8701171875,8479.8701171875,47327300
^FCHI,2026-07-06 22:00:00,8500.080078125,8545.6796875,8436.240234375,8436.240234375,8436.240234375,57300700
^FCHI,2026-07-07 22:00:00,8389.2900390625,8389.2900390625,8235.349609375,8252.66015625,8252.66015625,72496800
^FCHI,2026-07-08 22:00:00,8307.509765625,8329.0,8262.8603515625,8326.6201171875,8326.6201171875,53896900
^FCHI,2026-07-09 22:00:00,8324.0703125,8350.830078125,8284.240234375,8338.9697265625,8338.9697265625,42483100
^FCHI,2026-07-12 22:00:00,8306.6396484375,8375.3701171875,8306.6396484375,8364.650390625,8364.650390625,40463600
^FCHI,2026-07-13 22:00:00,8288.5,8375.7900390625,8274.8896484375,8366.849609375,8366.849609375,45296900
^FCHI,2026-07-14 22:00:00,8367.0498046875,8398.4296875,8320.1298828125,8382.4296875,8382.4296875,51107300
^FCHI,2026-07-15 22:00:00,8380.83984375,8380.83984375,8281.26953125,8377.8603515625,8377.8603515625,52093300
^FCHI,2026-07-16 22:00:00,8326.740234375,8350.1904296875,8282.169921875,8338.8095703125,8338.8095703125,60575700
^FCHI,2026-07-19 22:00:00,8316.3798828125,8391.0400390625,8316.3798828125,8340.1103515625,8340.1103515625,46504700
^FCHI,2026-07-20 22:00:00,8348.75,8375.3095703125,8299.8701171875,8363.1396484375,8363.1396484375,49546200
^FCHI,2026-07-21 22:00:00,8355.1298828125,8468.0,8350.83984375,8437.8896484375,8437.8896484375,54646900
^FCHI,2026-07-22 22:00:00,8370.330078125,8376.5400390625,8279.580078125,8299.08984375,8299.08984375,64057200
^FCHI,2026-07-23 22:00:00,8284.6796875,8372.41015625,8278.6396484375,8372.2802734375,8372.2802734375,57957700
^FCHI,2026-07-26 22:00:00,8442.75,8463.7099609375,8402.8095703125,8406.0595703125,8406.0595703125,61936100
^FCHI,2026-07-27 22:00:00,8447.08984375,8472.8095703125,8400.330078125,8458.7802734375,8458.7802734375,64429900
^FCHI,2026-07-28 22:00:00,8492.9697265625,8502.48046875,8379.7802734375,8408.26953125,8408.26953125,66023100
^FCHI,2026-07-29 22:00:00,8410.330078125,8515.3603515625,8409.8896484375,8485.6396484375,8485.6396484375,76989600
^FCHI,2026-07-30 22:00:00,8489.4404296875,8576.5498046875,8483.2099609375,8509.6396484375,8509.6396484375,88739700
^FCHI,2026-08-02 22:00:00,8566.740234375,8642.3203125,8559.580078125,8613.8203125,8613.8203125,64433300
^FCHI,2026-08-03 22:00:00,8642.33984375,8669.6904296875,8601.919921875,8666.6298828125,8666.6298828125,57151100
^FCHI,2026-08-04 22:00:00,8684.26953125,8693.8896484375,8656.73046875,8669.2998046875,8669.2998046875,50807400
^FCHI,2026-08-05 22:00:00,8721.1396484375,8742.5302734375,8699.7099609375,8699.7099609375,8699.7099609375,49477400
^FCHI,2026-08-06 22:00:00,8712.2900390625,8755.0302734375,8697.1904296875,8714.9296875,8714.9296875,52744400
^FCHI,2026-08-09 22:00:00,8710.490234375,8730.0302734375,8692.349609375,8726.0302734375,8726.0302734375,42610800
^FCHI,2026-08-10 22:00:00,8726.3896484375,8749.4697265625,8698.8603515625,8714.9404296875,8714.9404296875,44554400
^FCHI,2026-08-11 22:00:00,8714.26953125,8721.6904296875,8658.919921875,8674.9404296875,8674.9404296875,50323000
^FCHI,2026-08-12 22:00:00,8702.5400390625,8707.3896484375,8649.4599609375,8650.5595703125,8650.5595703125,45713700
^FCHI,2026-08-13 22:00:00,8657.58984375,8662.099609375,8630.240234375,8636.7998046875,8636.7998046875,39200100
^FCHI,2026-08-16 22:00:00,8628.6201171875,8643.900390625,8577.490234375,8579.599609375,8579.599609375,41038400
^FCHI,2026-08-17 22:00:00,8563.0595703125,8578.099609375,8509.3603515625,8509.3603515625,8509.3603515625,52670900
^FCHI,2026-08-18 22:00:00,8523.25,8558.2197265625,8501.91015625,8501.91015625,8501.91015625,54237100
^FCHI,2026-08-19 22:00:00,8504.0703125,8514.669921875,8444.759765625,8453.08984375,8453.08984375,48361500
^FCHI,2026-08-20 22:00:00,8445.650390625,8493.5498046875,8441.1103515625,8484.4296875,8484.4296875,49154700
^FCHI,2026-08-23 22:00:00,8481.7900390625,8490.240234375,8444.7998046875,8453.009765625,8453.009765625,43358500
^FCHI,2026-08-24 22:00:00,8499.2001953125,8501.509765625,8439.2001953125,8439.2001953125,8439.2001953125,47294700
^FCHI,2026-08-25 22:00:00,8468.7900390625,8503.650390625,8462.3896484375,8462.3896484375,8462.3896484375,44775900
^FCHI,2026-08-26 22:00:00,8460.91015625,8460.91015625,8308.099609375,8319.8701171875,8319.8701171875,75924400
^FCHI,2026-08-27 22:00:00,8388.76953125,8421.51953125,8388.76953125,8401.1796875,8401.1796875,55003100
^FCHI,2026-08-30 22:00:00,8404.73046875,8427.099609375,8334.5,8334.5,8334.5,79795300
^FCHI,2026-08-31 22:00:00,8348.349609375,8372.5498046875,8278.5400390625,8301.849609375,8301.849609375,57150000
^FCHI,2026-09-01 22:00:00,8292.9501953125,8307.66015625,8237.919921875,8280.6298828125,8280.6298828125,51229800
^FCHI,2026-09-02 22:00:00,8275.3701171875,8288.8203125,8240.5,8286.400390625,8286.400390625,50772200
^FCHI,2026-09-03 22:00:00,8266.650390625,8297.0703125,8254.6796875,8278.76953125,8278.76953125,55279700
^FCHI,2026-09-06 22:00:00,8272.759765625,8317.3701171875,8255.7197265625,8306.150390625,8306.150390625,35204400
^FCHI,2026-09-07 22:00:00,8268.1201171875,8320.0498046875,8257.599609375,8317.98046875,8317.98046875,42624800
^FCHI,2026-09-08 22:00:00,8258.240234375,8277.240234375,8141.419921875,8156.669921875,8156.669921875,60176300
^FCHI,2026-09-09 22:00:00,8169.64990234375,8190.080078125,8114.0,8116.759765625,8116.759765625,49671000
^FCHI,2026-09-10 22:00:00,8159.22998046875,8207.7099609375,8140.7998046875,8179.77001953125,8179.77001953125,46054500
^FCHI,2026-09-13 22:00:00,8132.6298828125,8165.10009765625,8086.39990234375,8117.77978515625,8117.77978515625,55466300
^FCHI,2026-09-14 22:00:00,8084.60986328125,8110.580078125,8033.0400390625,8090.27978515625,8090.27978515625,49491200
^FCHI,2026-09-15 22:00:00,8105.5400390625,8155.509765625,8088.1298828125,8140.58984375,8140.58984375,58584400
^FCHI,2026-09-16 22:00:00,8176.990234375,8209.669921875,8142.16015625,8186.93017578125,8186.93017578125,55733600
^FCHI,2026-09-17 22:00:00,8153.5400390625,8161.06982421875,8046.0400390625,8065.02001953125,8065.02001953125,193685300
^FCHI,2026-09-20 22:00:00,8103.85009765625,8154.240234375,8102.08984375,8138.93994140625,8138.93994140625,48403200
^FCHI,2026-09-21 22:00:00,8160.06982421875,8197.0703125,8117.27001953125,8154.91015625,8154.91015625,63609100
^FCHI,2026-09-22 22:00:00,8190.22021484375,8199.66015625,8112.22021484375,8123.41015625,8123.41015625,50598100
^FCHI,2026-09-23 22:00:00,8088.81982421875,8123.10986328125,8049.56005859375,8081.43017578125,8081.43017578125,58273700
^FCHI,2026-09-24 22:00:00,8134.06005859375,8136.2900390625,8057.14990234375,8077.7998046875,8077.7998046875,50628100
^FCHI,2026-09-27 22:00:00,8110.919921875,8137.419921875,8071.58984375,8078.47998046875,8078.47998046875,48380800
^FCHI,2026-09-28 22:00:00,8086.16015625,8107.27978515625,8023.97998046875,8035.8701171875,8035.8701171875,52890300
^FCHI,2026-09-29 22:00:00,8034.22021484375,8068.509765625,7950.490234375,7964.509765625,7964.509765625,74271700
^FCHI,2026-09-30 22:00:00,7913.7099609375,7935.85009765625,7820.97998046875,7835.31005859375,7835.31005859375,77083200
^FCHI,2026-10-01 22:00:00,7847.9599609375,7927.8798828125,7836.27001953125,7897.18994140625,7897.18994140625,71580700
^FTSE,2026-05-13 23:00:00,10325.2001953125,10375.400390625,10310.2001953125,10372.900390625,10372.900390625,661031600
^FTSE,2026-05-14 23:00:00,10375.400390625,10375.7001953125,10163.599609375,10195.400390625,10195.400390625,1284799300
^FTSE,2026-05-17 23:00:00,10194.7998046875,10337.400390625,10151.5,10323.7998046875,10323.7998046875,656424500
^FTSE,2026-05-18 23:00:00,10323.7001953125,10408.400390625,10315.400390625,10330.599609375,10330.599609375,894090100
^FTSE,2026-05-19 23:00:00,10330.7001953125,10458.2998046875,10279.099609375,10432.2998046875,10432.2998046875,847563300
^FTSE,2026-05-20 23:00:00,10432.5,10471.599609375,10353.5,10443.5,10443.5,867561100
^FTSE,2026-05-21 23:00:00,10443.099609375,10497.2001953125,10435.5,10466.2998046875,10466.2998046875,669982200
^FTSE,2026-05-25 23:00:00,10465.599609375,10557.2001953125,10461.099609375,10491.400390625,10491.400390625,799422100
^FTSE,2026-05-26 23:00:00,10491.2001953125,10522.2998046875,10462.099609375,10505.0,10505.0,1071673900
^FTSE,2026-05-27 23:00:00,10505.400390625,10505.400390625,10381.2001953125,10426.0,10426.0,890072300
^FTSE,2026-05-28 23:00:00,10425.900390625,10462.2001953125,10409.2998046875,10409.2998046875,10409.2998046875,2180912300
^FTSE,2026-05-31 23:00:00,10409.2998046875,10409.7998046875,10288.900390625,10339.0,10339.0,936795500
^FTSE,2026-06-01 23:00:00,10338.400390625,10395.7001953125,10333.2998046875,10373.5,10373.5,918011300
^FTSE,2026-06-02 23:00:00,10373.900390625,10383.099609375,10322.400390625,10332.2998046875,10332.2998046875,778446200
^FTSE,2026-06-03 23:00:00,10332.5,10360.2998046875,10238.599609375,10360.2998046875,10360.2998046875,659929000
^FTSE,2026-06-04 23:00:00,10360.2998046875,10415.7001953125,10331.5,10368.099609375,10368.099609375,884830800
^FTSE,2026-06-07 23:00:00,10369.099609375,10409.2998046875,10319.2001953125,10373.2001953125,10373.2001953125,751153000
^FTSE,2026-06-08 23:00:00,10372.7998046875,10372.7998046875,10227.2998046875,10227.2998046875,10227.2998046875,852767500
^FTSE,2026-06-09 23:00:00,10227.400390625,10263.7998046875,10127.599609375,10254.7998046875,10254.7998046875,746689500
^FTSE,2026-06-10 23:00:00,10255.2001953125,10370.2001953125,10252.2998046875,10303.900390625,10303.900390625,895653600
^FTSE,2026-06-11 23:00:00,10302.7001953125,10471.7001953125,10302.7001953125,10471.7001953125,10471.7001953125,752480600
^FTSE,2026-06-14 23:00:00,10471.400390625,10570.099609375,10419.2001953125,10430.599609375,10430.599609375,812693000
^FTSE,2026-06-15 23:00:00,10431.2998046875,10523.5,10428.599609375,10494.2001953125,10494.2001953125,737349600
^FTSE,2026-06-16 23:00:00,10494.400390625,10508.599609375,10468.400390625,10508.599609375,10508.599609375,705672600
^FTSE,2026-06-17 23:00:00,10510.2001953125,10510.2001953125,10376.599609375,10399.7001953125,10399.7001953125,966474600
^FTSE,2026-06-18 23:00:00,10400.5,10418.599609375,10352.900390625,10363.2998046875,10363.2998046875,1815005600
^FTSE,2026-06-21 23:00:00,10363.599609375,10443.2001953125,10346.599609375,10437.900390625,10437.900390625,1097667700
^FTSE,2026-06-22 23:00:00,10438.2001953125,10462.2001953125,10332.400390625,10428.900390625,10428.900390625,896192800
^FTSE,2026-06-23 23:00:00,10429.0,10469.2998046875,10407.0,10461.599609375,10461.599609375,960306000
^FTSE,2026-06-24 23:00:00,10461.5,10575.2998046875,10415.5,10529.900390625,10529.900390625,1004841900
^FTSE,2026-06-25 23:00:00,10530.2001953125,10530.2001953125,10404.7001953125,10508.0,10508.0,763639200
^FTSE,2026-06-28 23:00:00,10507.7998046875,10521.0,10472.0,10484.2001953125,10484.2001953125,724560800
^FTSE,2026-06-29 23:00:00,10484.2998046875,10613.2001953125,10483.900390625,10497.099609375,10497.099609375,832111200
^FTSE,2026-06-30 23:00:00,10497.599609375,10508.2998046875,10429.2001953125,10478.2998046875,10478.2998046875,885709000
^FTSE,2026-07-01 23:00:00,10477.7998046875,10694.900390625,10436.7998046875,10652.900390625,10652.900390625,891213100
^FTSE,2026-07-02 23:00:00,10652.7998046875,10701.2998046875,10604.2998046875,10679.0,10679.0,423999600
^FTSE,2026-07-05 23:00:00,10679.400390625,10733.400390625,10618.400390625,10651.7998046875,10651.7998046875,575233300
^FTSE,2026-07-06 23:00:00,10651.2998046875,10747.0,10651.2001953125,10665.900390625,10665.900390625,640931200
^FTSE,2026-07-07 23:00:00,10666.099609375,10666.099609375,10467.0,10489.0,10489.0,736774600
^FTSE,2026-07-08 23:00:00,10487.900390625,10539.5,10397.5,10472.5,10472.5,550303900
^FTSE,2026-07-09 23:00:00,10471.900390625,10513.900390625,10462.7998046875,10497.2998046875,10497.2998046875,740632000
^FTSE,2026-07-12 23:00:00,10498.099609375,10532.099609375,10465.0,10498.2998046875,10498.2998046875,596311300
^FTSE,2026-07-13 23:00:00,10498.7001953125,10552.599609375,10423.0,10529.400390625,10529.400390625,726921500
^FTSE,2026-07-14 23:00:00,10529.099609375,10546.2001953125,10443.599609375,10515.900390625,10515.900390625,935873100
^FTSE,2026-07-15 23:00:00,10515.0,10572.2001953125,10447.599609375,10572.2001953125,10572.2001953125,778679400
^FTSE,2026-07-16 23:00:00,10572.400390625,10623.7001953125,10527.7001953125,10600.400390625,10600.400390625,776616200
^FTSE,2026-07-19 23:00:00,10600.2998046875,10600.2998046875,10512.7998046875,10524.7998046875,10524.7998046875,868888600
^FTSE,2026-07-20 23:00:00,10524.2998046875,10585.900390625,10483.099609375,10585.900390625,10585.900390625,722295200
^FTSE,2026-07-21 23:00:00,10585.900390625,10763.400390625,10568.7001953125,10717.0,10717.0,727194500
^FTSE,2026-07-22 23:00:00,10717.0,10720.2998046875,10610.400390625,10639.2001953125,10639.2001953125,853019700
^FTSE,2026-07-23 23:00:00,10638.900390625,10738.7998046875,10599.099609375,10736.2001953125,10736.2001953125,717428900
^FTSE,2026-07-26 23:00:00,10736.099609375,10820.900390625,10736.099609375,10781.7998046875,10781.7998046875,1189032700
^FTSE,2026-07-27 23:00:00,10781.900390625,10884.2998046875,10770.2998046875,10871.0,10871.0,848931800
^FTSE,2026-07-28 23:00:00,10871.2001953125,10951.099609375,10864.099609375,10908.400390625,10908.400390625,771519600
^FTSE,2026-07-29 23:00:00,10907.400390625,10979.599609375,10865.400390625,10897.2998046875,10897.2998046875,964211500
^FTSE,2026-07-30 23:00:00,10897.099609375,10989.5,10829.2998046875,10868.099609375,10868.099609375,770876200
^FTSE,2026-08-02 23:00:00,10868.099609375,10917.400390625,10832.5,10857.7001953125,10857.7001953125,1298395800
^FTSE,2026-08-03 23:00:00,10857.599609375,10932.5,10855.2001953125,10879.400390625,10879.400390625,1054581500
^FTSE,2026-08-04 23:00:00,10879.0,10952.2998046875,10836.900390625,10888.2998046875,10888.2998046875,1043852700
^FTSE,2026-08-05 23:00:00,10888.5,10944.7998046875,10865.2998046875,10867.900390625,10867.900390625,664069100
^FTSE,2026-08-06 23:00:00,10867.900390625,10959.900390625,10855.2001953125,10901.099609375,10901.099609375,1068510800
^FTSE,2026-08-09 23:00:00,10901.099609375,10910.900390625,10829.0,10862.5,10862.5,607992100
^FTSE,2026-08-10 23:00:00,10862.900390625,10893.2001953125,10825.400390625,10844.2001953125,10844.2001953125,722874700
^FTSE,2026-08-11 23:00:00,10844.2001953125,10863.7998046875,10809.599609375,10833.2001953125,10833.2001953125,548656200
^FTSE,2026-08-12 23:00:00,10833.599609375,10837.0,10756.400390625,10772.7001953125,10772.7001953125,844441300
^FTSE,2026-08-13 23:00:00,10772.5,10789.7001953125,10723.7001953125,10750.099609375,10750.099609375,742965900
^FTSE,2026-08-16 23:00:00,10750.0,10793.599609375,10717.599609375,10720.2998046875,10720.2998046875,600227600
^FTSE,2026-08-17 23:00:00,10720.900390625,10779.900390625,10701.7001953125,10728.0,10728.0,772638300
^FTSE,2026-08-18 23:00:00,10727.7998046875,10766.0,10701.099609375,10743.400390625,10743.400390625,702126300
^FTSE,2026-08-19 23:00:00,10743.2001953125,10766.900390625,10684.400390625,10748.2001953125,10748.2001953125,773005500
^FTSE,2026-08-20 23:00:00,10748.099609375,10831.599609375,10734.900390625,10816.599609375,10816.599609375,673086200
^FTSE,2026-08-23 23:00:00,10816.2998046875,10864.7998046875,10799.0,10854.2998046875,10854.2998046875,664816800
^FTSE,2026-08-24 23:00:00,10854.599609375,10887.0,10825.7998046875,10886.2001953125,10886.2001953125,618073600
^FTSE,2026-08-25 23:00:00,10886.2001953125,10920.5,10855.599609375,10878.099609375,10878.099609375,587582300
^FTSE,2026-08-26 23:00:00,10878.2001953125,10878.5,10772.599609375,10792.5,10792.5,605676800
^FTSE,2026-08-27 23:00:00,10792.5,10845.0,10792.400390625,10824.2998046875,10824.2998046875,968083200
^FTSE,2026-08-31 23:00:00,10824.599609375,10829.2001953125,10689.599609375,10789.2998046875,10789.2998046875,879653200
^FTSE,2026-09-01 23:00:00,10789.900390625,10800.7998046875,10713.099609375,10756.5,10756.5,843469000
^FTSE,2026-09-02 23:00:00,10756.7998046875,10866.7998046875,10742.7001953125,10831.5,10831.5,637862500
^FTSE,2026-09-03 23:00:00,10831.5,10843.099609375,10791.400390625,10831.099609375,10831.099609375,678869300
^FTSE,2026-09-06 23:00:00,10831.0,10868.2998046875,10794.2001953125,10822.099609375,10822.099609375,427197400
^FTSE,2026-09-07 23:00:00,10822.2998046875,10850.7001953125,10778.099609375,10811.7001953125,10811.7001953125,552990300
^FTSE,2026-09-08 23:00:00,10811.400390625,10811.599609375,10651.7001953125,10670.099609375,10670.099609375,740091900
^FTSE,2026-09-09 23:00:00,10669.900390625,10688.0,10594.2998046875,10608.900390625,10608.900390625,527847300
^FTSE,2026-09-10 23:00:00,10609.0,10714.7001953125,10602.099609375,10650.400390625,10650.400390625,452884300
^FTSE,2026-09-13 23:00:00,10650.900390625,10734.900390625,10650.900390625,10697.599609375,10697.599609375,870740300
^FTSE,2026-09-14 23:00:00,10697.7998046875,10697.7998046875,10586.400390625,10658.099609375,10658.099609375,1282245100
^FTSE,2026-09-15 23:00:00,10658.2001953125,10735.2998046875,10655.7998046875,10688.5,10688.5,973251300
^FTSE,2026-09-16 23:00:00,10689.2998046875,10823.0,10688.900390625,10816.099609375,10816.099609375,674203200
^FTSE,2026-09-17 23:00:00,10815.7998046875,10815.900390625,10650.2001953125,10659.099609375,10659.099609375,1825121500
^FTSE,2026-09-20 23:00:00,10659.099609375,10774.7001953125,10656.7001953125,10739.0,10739.0,733429900
^FTSE,2026-09-21 23:00:00,10739.0,10771.599609375,10708.2998046875,10708.2998046875,10708.2998046875,989581000
^FTSE,2026-09-22 23:00:00,10708.7998046875,10762.5,10682.7001953125,10705.2998046875,10705.2998046875,642518600
^FTSE,2026-09-23 23:00:00,10705.5,10741.099609375,10666.900390625,10680.0,10680.0,971886900
^FTSE,2026-09-24 23:00:00,10679.900390625,10753.400390625,10667.0,10695.2998046875,10695.2998046875,701463900
^FTSE,2026-09-27 23:00:00,10695.2001953125,10758.7001953125,10684.900390625,10684.900390625,10684.900390625,536195200
^FTSE,2026-09-28 23:00:00,10685.2001953125,10756.2001953125,10622.0,10636.7001953125,10636.7001953125,741634900
^FTSE,2026-09-29 23:00:00,10635.7998046875,10725.2998046875,10599.2001953125,10606.0,10606.0,964213900
^FTSE,2026-09-30 23:00:00,10606.400390625,10606.400390625,10390.7001953125,10428.2998046875,10428.2998046875,923176500
^FTSE,2026-10-01 23:00:00,10428.2001953125,10503.2001953125,10413.400390625,10462.0,10462.0,689426700
^GDAXI,2026-05-17 22:00:00,23833.109375,24430.98046875,23797.330078125,24307.919921875,24307.919921875,62451100
^GDAXI,2026-05-18 22:00:00,24370.5,24690.810546875,24358.75,24400.650390625,24400.650390625,61338300
^GDAXI,2026-05-19 22:00:00,24345.3203125,24885.560546875,24287.669921875,24737.240234375,24737.240234375,58522100
^GDAXI,2026-05-20 22:00:00,24692.2109375,24894.630859375,24534.7890625,24606.76953125,24606.76953125,53378800
^GDAXI,2026-05-21 22:00:00,24768.490234375,24943.75,24676.26953125,24888.560546875,24888.560546875,53886500
^GDAXI,2026-05-24 22:00:00,25181.26953125,25438.41015625,25062.720703125,25389.099609375,25389.099609375,34143700
^GDAXI,2026-05-25 22:00:00,25359.75,25361.640625,25180.5,25184.890625,25184.890625,44487100
^GDAXI,2026-05-26 22:00:00,25324.810546875,25394.810546875,25113.150390625,25177.80078125,25177.80078125,60651600
^GDAXI,2026-05-27 22:00:00,25083.76953125,25244.7109375,24973.25,25092.25,25092.25,54115300
^GDAXI,2026-05-28 22:00:00,25126.349609375,25204.130859375,25040.44921875,25104.69921875,25104.69921875,162698500
^GDAXI,2026-05-31 22:00:00,25083.240234375,25301.73046875,24901.76953125,25003.0390625,25003.0390625,64662000
^GDAXI,2026-06-01 22:00:00,25197.900390625,25362.830078125,25061.66015625,25124.169921875,25124.169921875,61018300
^GDAXI,2026-06-02 22:00:00,24912.310546875,24973.150390625,24761.9609375,24795.939453125,24795.939453125,65247500
^GDAXI,2026-06-03 22:00:00,24849.4296875,25009.01953125,24830.630859375,24944.94921875,24944.94921875,53175800
^GDAXI,2026-06-04 22:00:00,24881.869140625,25024.05078125,24756.470703125,24759.05078125,24759.05078125,54254000
^GDAXI,2026-06-07 22:00:00,24447.3203125,24732.599609375,24426.609375,24616.220703125,24616.220703125,54486200
^GDAXI,2026-06-08 22:00:00,24589.2890625,24820.94921875,24398.869140625,24433.060546875,24433.060546875,56771800
^GDAXI,2026-06-09 22:00:00,24507.400390625,24517.48046875,24043.51953125,24195.310546875,24195.310546875,60079100
^GDAXI,2026-06-10 22:00:00,24205.16015625,24327.689453125,24080.640625,24209.7109375,24209.7109375,59171400
^GDAXI,2026-06-11 22:00:00,24549.25,24753.890625,24421.8203125,24635.30078125,24635.30078125,60407200
^GDAXI,2026-06-14 22:00:00,25068.369140625,25085.80078125,24882.009765625,24894.009765625,24894.009765625,62077400
^GDAXI,2026-06-15 22:00:00,24942.73046875,25110.279296875,24900.73046875,24910.41015625,24910.41015625,50319200
^GDAXI,2026-06-16 22:00:00,24816.9609375,24956.48046875,24763.529296875,24934.669921875,24934.669921875,74720700
^GDAXI,2026-06-17 22:00:00,24996.5390625,25059.369140625,24840.26953125,25026.80078125,25026.80078125,88252000
^GDAXI,2026-06-18 22:00:00,25075.330078125,25173.01953125,24951.5390625,24985.8203125,24985.8203125,168134800
^GDAXI,2026-06-21 22:00:00,25035.9296875,25176.2109375,24896.189453125,25139.689453125,25139.689453125,64174400
^GDAXI,2026-06-22 22:00:00,24835.560546875,24988.7109375,24728.5703125,24893.580078125,24893.580078125,63415400
^GDAXI,2026-06-23 22:00:00,24790.69921875,24800.66015625,24593.48046875,24740.359375,24740.359375,61210500
^GDAXI,2026-06-24 22:00:00,24810.0,25088.279296875,24761.720703125,24994.830078125,24994.830078125,71276400
^GDAXI,2026-06-25 22:00:00,24848.509765625,24869.630859375,24547.69921875,24671.220703125,24671.220703125,61917200
^GDAXI,2026-06-28 22:00:00,24724.33984375,24762.240234375,24556.779296875,24626.890625,24626.890625,56335000
^GDAXI,2026-06-29 22:00:00,24815.220703125,25024.26953125,24794.83984375,24995.810546875,24995.810546875,75930500
^GDAXI,2026-06-30 22:00:00,25028.9296875,25095.66015625,24887.0,25040.279296875,25040.279296875,56044400
^GDAXI,2026-07-01 22:00:00,25025.130859375,25655.8203125,24994.640625,25580.880859375,25580.880859375,75071900
^GDAXI,2026-07-02 22:00:00,25763.970703125,25826.779296875,25611.689453125,25779.310546875,25779.310546875,49882400
^GDAXI,2026-07-05 22:00:00,25811.900390625,25900.099609375,25698.560546875,25817.890625,25817.890625,42803800
^GDAXI,2026-07-06 22:00:00,25770.44921875,25811.970703125,25465.119140625,25465.25,25465.25,54584900
^GDAXI,2026-07-07 22:00:00,25274.939453125,25280.16015625,24830.169921875,24897.44921875,24897.44921875,65668500
^GDAXI,2026-07-08 22:00:00,25097.48046875,25127.759765625,24867.3203125,25118.26953125,25118.26953125,48782700
^GDAXI,2026-07-09 22:00:00,25081.189453125,25195.830078125,24937.51953125,25067.08984375,25067.08984375,48006700
^GDAXI,2026-07-12 22:00:00,24963.80078125,25154.580078125,24963.80078125,25114.25,25114.25,39531800
^GDAXI,2026-07-13 22:00:00,24932.619140625,25204.6796875,24869.25,25147.029296875,25147.029296875,50222100
^GDAXI,2026-07-14 22:00:00,24970.05078125,25055.48046875,24839.23046875,24999.529296875,24999.529296875,49359900
^GDAXI,2026-07-15 22:00:00,25018.94921875,25021.509765625,24696.169921875,24915.490234375,24915.490234375,44374100
^GDAXI,2026-07-16 22:00:00,24755.08984375,24850.75,24651.33984375,24830.98046875,24830.98046875,61314800
^GDAXI,2026-07-19 22:00:00,24769.150390625,24974.529296875,24751.130859375,24846.689453125,24846.689453125,43984100
^GDAXI,2026-07-20 22:00:00,24922.099609375,25011.349609375,24817.33984375,25011.349609375,25011.349609375,45461100
^GDAXI,2026-07-21 22:00:00,25001.310546875,25271.33984375,24984.26953125,25155.41015625,25155.41015625,52334100
^GDAXI,2026-07-22 22:00:00,24994.05078125,25074.279296875,24696.58984375,24763.119140625,24763.119140625,62750700
^GDAXI,2026-07-23 22:00:00,24830.41015625,25099.6796875,24821.669921875,25099.0,25099.0,44806700
^GDAXI,2026-07-26 22:00:00,25459.3203125,25560.400390625,25361.029296875,25361.029296875,25361.029296875,52434200
^GDAXI,2026-07-27 22:00:00,25496.130859375,25553.470703125,25307.169921875,25464.009765625,25464.009765625,57351100
^GDAXI,2026-07-28 22:00:00,25551.970703125,25571.44921875,25336.390625,25460.48046875,25460.48046875,62068900
^GDAXI,2026-07-29 22:00:00,25487.44921875,25651.16015625,25303.109375,25612.029296875,25612.029296875,61023700
^GDAXI,2026-07-30 22:00:00,25709.369140625,25891.509765625,25549.529296875,25629.240234375,25629.240234375,62199500
^GDAXI,2026-08-02 22:00:00,25855.119140625,26096.9296875,25855.119140625,26001.310546875,26001.310546875,64941600
^GDAXI,2026-08-03 22:00:00,26189.619140625,26266.5,26082.4296875,26202.349609375,26202.349609375,64214500
^GDAXI,2026-08-04 22:00:00,26393.4296875,26403.810546875,26123.1796875,26126.30078125,26126.30078125,62436000
^GDAXI,2026-08-05 22:00:00,26116.26953125,26229.330078125,26081.689453125,26140.130859375,26140.130859375,63074000
^GDAXI,2026-08-06 22:00:00,26235.80078125,26445.1796875,26223.640625,26319.44921875,26319.44921875,50440500
^GDAXI,2026-08-09 22:00:00,26360.439453125,26441.91015625,26302.189453125,26323.880859375,26323.880859375,41472700
^GDAXI,2026-08-10 22:00:00,26378.0,26504.5390625,26245.5703125,26391.419921875,26391.419921875,39840100
^GDAXI,2026-08-11 22:00:00,26452.0,26573.5,26313.580078125,26331.0703125,26331.0703125,47126300
^GDAXI,2026-08-12 22:00:00,26437.349609375,26489.779296875,26285.23046875,26299.740234375,26299.740234375,45248900
^GDAXI,2026-08-13 22:00:00,26445.990234375,26541.33984375,26404.94921875,26440.310546875,26440.310546875,52369300
^GDAXI,2026-08-16 22:00:00,26490.30078125,26493.5,26338.609375,26338.609375,26338.609375,38194400
^GDAXI,2026-08-17 22:00:00,26280.859375,26292.94921875,26119.5390625,26128.359375,26128.359375,47429900
^GDAXI,2026-08-18 22:00:00,26146.119140625,26187.8203125,26063.369140625,26091.330078125,26091.330078125,46190700
^GDAXI,2026-08-19 22:00:00,26050.94921875,26062.150390625,25914.109375,25983.0390625,25983.0390625,37334800
^GDAXI,2026-08-20 22:00:00,25998.94921875,26166.25,25969.51953125,26136.560546875,26136.560546875,43329100
^GDAXI,2026-08-23 22:00:00,26091.2890625,26171.69921875,26038.0703125,26106.599609375,26106.599609375,35640300
^GDAXI,2026-08-24 22:00:00,26206.009765625,26341.51953125,26164.109375,26266.140625,26266.140625,41726700
^GDAXI,2026-08-25 22:00:00,26255.41015625,26466.759765625,26196.919921875,26285.9609375,26285.9609375,48781700
^GDAXI,2026-08-26 22:00:00,26354.369140625,26402.810546875,26241.76953125,26367.240234375,26367.240234375,49230700
^GDAXI,2026-08-27 22:00:00,26494.609375,26618.740234375,26467.359375,26569.990234375,26569.990234375,45045000
^GDAXI,2026-08-30 22:00:00,26464.140625,26471.7890625,26249.58984375,26258.109375,26258.109375,81710600
^GDAXI,2026-08-31 22:00:00,26150.75,26206.130859375,25916.759765625,25970.109375,25970.109375,48552400
^GDAXI,2026-09-01 22:00:00,25886.669921875,25924.2109375,25727.9296875,25839.330078125,25839.330078125,47864100
^GDAXI,2026-09-02 22:00:00,25840.919921875,26007.7890625,25784.83984375,26003.3203125,26003.3203125,50330000
^GDAXI,2026-09-03 22:00:00,25985.859375,26167.9296875,25958.69921875,26046.400390625,26046.400390625,47990000
^GDAXI,2026-09-06 22:00:00,26039.5390625,26069.990234375,25919.609375,26006.529296875,26006.529296875,35638000
^GDAXI,2026-09-07 22:00:00,25897.220703125,26026.779296875,25799.66015625,26007.630859375,26007.630859375,42236700
^GDAXI,2026-09-08 22:00:00,25870.98046875,25909.66015625,25512.390625,25576.44921875,25576.44921875,53670200
^GDAXI,2026-09-09 22:00:00,25555.66015625,25612.08984375,25361.150390625,25361.150390625,25361.150390625,49936000
^GDAXI,2026-09-10 22:00:00,25478.83984375,25581.220703125,25396.380859375,25568.560546875,25568.560546875,45275400
^GDAXI,2026-09-13 22:00:00,25498.740234375,25548.779296875,25325.51953125,25440.810546875,25440.810546875,56050700
^GDAXI,2026-09-14 22:00:00,25360.3203125,25478.98046875,25172.890625,25402.279296875,25402.279296875,48815100
^GDAXI,2026-09-15 22:00:00,25515.9609375,25599.0703125,25361.69921875,25537.75,25537.75,47164400
^GDAXI,2026-09-16 22:00:00,25681.599609375,25800.619140625,25596.05078125,25716.7109375,25716.7109375,48628000
^GDAXI,2026-09-17 22:00:00,25596.4609375,25656.220703125,25285.900390625,25304.060546875,25304.060546875,165009400
^GDAXI,2026-09-20 22:00:00,25491.349609375,25617.990234375,25434.16015625,25575.009765625,25575.009765625,50641100
^GDAXI,2026-09-21 22:00:00,25592.98046875,25783.16015625,25423.0703125,25578.849609375,25578.849609375,48545100
^GDAXI,2026-09-22 22:00:00,25724.130859375,25729.05078125,25365.2109375,25410.630859375,25410.630859375,50759500
^GDAXI,2026-09-23 22:00:00,25263.109375,25424.2109375,25164.19921875,25266.529296875,25266.529296875,53978600
^GDAXI,2026-09-24 22:00:00,25441.7890625,25529.330078125,25347.30078125,25408.640625,25408.640625,52413000
^GDAXI,2026-09-27 22:00:00,25443.98046875,25575.66015625,25360.3203125,25374.419921875,25374.419921875,45976300
^GDAXI,2026-09-28 22:00:00,25374.33984375,25617.310546875,25338.029296875,25399.2109375,25399.2109375,53368100
^GDAXI,2026-09-29 22:00:00,25490.669921875,25584.5,25190.330078125,25199.189453125,25199.189453125,61566500
^GDAXI,2026-09-30 22:00:00,25058.080078125,25232.1796875,24831.599609375,24939.349609375,24939.349609375,61171700
^GDAXI,2026-10-01 22:00:00,24995.2890625,25303.599609375,24970.91015625,25231.19921875,25231.19921875,56407400
^GSPC,2026-05-12 04:00:00,7390.6298828125,7409.56982421875,7338.5400390625,7400.9599609375,7400.9599609375,5624790000
^GSPC,2026-05-13 04:00:00,7409.1201171875,7460.0400390625,7375.1298828125,7444.25,7444.25,5716600000
^GSPC,2026-05-14 04:00:00,7454.39990234375,7517.1201171875,7454.39990234375,7501.240234375,7501.240234375,5267050000
^GSPC,2026-05-15 04:00:00,7445.10986328125,7454.85009765625,7397.5,7408.5,7408.5,5582070000
^GSPC,2026-05-18 04:00:00,7415.06982421875,7434.06005859375,7353.169921875,7403.0498046875,7403.0498046875,5489500000
^GSPC,2026-05-19 04:00:00,7375.75,7395.31982421875,7333.68017578125,7353.60986328125,7353.60986328125,5441140000
^GSPC,2026-05-20 04:00:00,7369.18994140625,7435.68994140625,7357.4599609375,7432.97021484375,7432.97021484375,5384150000
^GSPC,2026-05-21 04:00:00,7410.77978515625,7465.9599609375,7389.47998046875,7445.72021484375,7445.72021484375,5440620000
^GSPC,2026-05-22 04:00:00,7468.81982421875,7506.31982421875,7463.2900390625,7473.47021484375,7473.47021484375,4952440000
^GSPC,2026-05-26 04:00:00,7511.7900390625,7539.08984375,7501.10009765625,7519.1201171875,7519.1201171875,5496060000
^GSPC,2026-05-27 04:00:00,7526.009765625,7530.72021484375,7499.72021484375,7520.35986328125,7520.35986328125,5524250000
^GSPC,2026-05-28 04:00:00,7519.81982421875,7568.72021484375,7508.0400390625,7563.6298828125,7563.6298828125,5494860000
^GSPC,2026-05-29 04:00:00,7579.330078125,7599.3798828125,7563.5498046875,7580.06005859375,7580.06005859375,7858290000
^GSPC,2026-06-01 04:00:00,7582.2900390625,7617.66015625,7562.60986328125,7599.9599609375,7599.9599609375,6583960000
^GSPC,2026-06-02 04:00:00,7595.39990234375,7620.89990234375,7582.990234375,7609.77978515625,7609.77978515625,5904410000
^GSPC,2026-06-03 04:00:00,7605.31005859375,7605.35009765625,7551.22021484375,7553.68017578125,7553.68017578125,5753860000
^GSPC,2026-06-04 04:00:00,7516.5400390625,7598.18994140625,7516.5400390625,7584.31005859375,7584.31005859375,5398910000
^GSPC,2026-06-05 04:00:00,7537.35986328125,7541.81005859375,7368.6298828125,7383.740234375,7383.740234375,5591290000
^GSPC,2026-06-08 04:00:00,7440.56982421875,7466.81005859375,7395.1298828125,7405.72998046875,7405.72998046875,4898180000
^GSPC,2026-06-09 04:00:00,7438.66015625,7483.14990234375,7237.85009765625,7386.64990234375,7386.64990234375,6006390000
^GSPC,2026-06-10 04:00:00,7350.5400390625,7396.56005859375,7265.93017578125,7266.990234375,7266.990234375,5247300000
^GSPC,2026-06-11 04:00:00,7287.669921875,7412.68017578125,7257.330078125,7394.2998046875,7394.2998046875,5658920000
^GSPC,2026-06-12 04:00:00,7410.85009765625,7456.39990234375,7363.009765625,7431.4599609375,7431.4599609375,4950530000
^GSPC,2026-06-15 04:00:00,7516.75,7577.919921875,7516.75,7554.2900390625,7554.2900390625,5674670000
^GSPC,2026-06-16 04:00:00,7548.77978515625,7564.9599609375,7508.68017578125,7511.35009765625,7511.35009765625,5286210000
^GSPC,2026-06-17 04:00:00,7524.5,7532.169921875,7402.60986328125,7420.10009765625,7420.10009765625,5883740000
^GSPC,2026-06-18 04:00:00,7487.35986328125,7511.06982421875,7468.31982421875,7500.580078125,7500.580078125,9061110000
^GSPC,2026-06-22 04:00:00,7500.43994140625,7530.009765625,7460.009765625,7472.7900390625,7472.7900390625,5976740000
^GSPC,2026-06-23 04:00:00,7366.509765625,7424.169921875,7347.60009765625,7365.4599609375,7365.4599609375,5640530000
^GSPC,2026-06-24 04:00:00,7370.8798828125,7428.06005859375,7336.81982421875,7358.22021484375,7358.22021484375,5994860000
^GSPC,2026-06-25 04:00:00,7404.91015625,7419.080078125,7323.5,7357.490234375,7357.490234375,5565760000
^GSPC,2026-06-26 04:00:00,7312.740234375,7392.9501953125,7294.18017578125,7354.02001953125,7354.02001953125,9105600000
^GSPC,2026-06-29 04:00:00,7391.8798828125,7444.31982421875,7348.8798828125,7440.43017578125,7440.43017578125,5794570000
^GSPC,2026-06-30 04:00:00,7441.27001953125,7508.2900390625,7438.0400390625,7499.35986328125,7499.35986328125,6037540000
^GSPC,2026-07-01 04:00:00,7478.83984375,7521.81005859375,7449.6298828125,7483.22998046875,7483.22998046875,5782730000
^GSPC,2026-07-02 04:00:00,7495.14013671875,7540.75,7427.5498046875,7483.240234375,7483.240234375,5463520000
^GSPC,2026-07-06 04:00:00,7506.9599609375,7551.31005859375,7500.97021484375,7537.43017578125,7537.43017578125,4971110000
^GSPC,2026-07-07 04:00:00,7516.6298828125,7536.06005859375,7478.6298828125,7503.85009765625,7503.85009765625,5049590000
^GSPC,2026-07-08 04:00:00,7476.5400390625,7488.509765625,7421.81982421875,7482.7099609375,7482.7099609375,5102020000
^GSPC,2026-07-09 04:00:00,7491.60009765625,7546.89013671875,7481.72998046875,7543.64013671875,7543.64013671875,4442950000
^GSPC,2026-07-10 04:00:00,7547.64013671875,7579.93017578125,7508.16015625,7575.39013671875,7575.39013671875,4006370000
^GSPC,2026-07-13 04:00:00,7547.52978515625,7565.3701171875,7506.41015625,7515.33984375,7515.33984375,4729990000
^GSPC,2026-07-14 04:00:00,7536.7001953125,7557.43994140625,7513.22998046875,7543.58984375,7543.58984375,4836950000
^GSPC,2026-07-15 04:00:00,7571.72021484375,7581.5,7526.9501953125,7572.39990234375,7572.39990234375,5236550000
^GSPC,2026-07-16 04:00:00,7558.7998046875,7570.740234375,7504.02001953125,7533.77001953125,7533.77001953125,5365300000
^GSPC,2026-07-17 04:00:00,7447.52001953125,7498.47021484375,7431.259765625,7457.68994140625,7457.68994140625,5303290000
^GSPC,2026-07-20 04:00:00,7489.18017578125,7513.22998046875,7440.52978515625,7443.27978515625,7443.27978515625,5152910000
^GSPC,2026-07-21 04:00:00,7489.9501953125,7515.31005859375,7467.85986328125,7509.2001953125,7509.2001953125,5149030000
^GSPC,2026-07-22 04:00:00,7497.47021484375,7525.93994140625,7485.85009765625,7498.9599609375,7498.9599609375,4890390000
^GSPC,2026-07-23 04:00:00,7418.2900390625,7450.1201171875,7376.0,7408.2998046875,7408.2998046875,5515210000
^GSPC,2026-07-24 04:00:00,7406.2998046875,7460.97998046875,7396.52978515625,7411.97998046875,7411.97998046875,4860620000
^GSPC,2026-07-27 04:00:00,7464.2001953125,7480.56982421875,7382.740234375,7413.18017578125,7413.18017578125,5038290000
^GSPC,2026-07-28 04:00:00,7395.5498046875,7452.08984375,7382.9501953125,7428.77978515625,7428.77978515625,5590890000
^GSPC,2026-07-29 04:00:00,7418.16015625,7450.83984375,7313.919921875,7316.14990234375,7316.14990234375,5836350000
^GSPC,2026-07-30 04:00:00,7390.4501953125,7448.75,7370.97998046875,7437.6298828125,7437.6298828125,5594430000
^GSPC,2026-07-31 04:00:00,7462.1298828125,7512.0400390625,7399.830078125,7489.72021484375,7489.72021484375,5391020000
^GSPC,2026-08-03 04:00:00,7504.77978515625,7610.0400390625,7504.77978515625,7600.5,7600.5,5201470000
^GSPC,2026-08-04 04:00:00,7630.6201171875,7758.2099609375,7629.10009765625,7736.52001953125,7736.52001953125,5906940000
^GSPC,2026-08-05 04:00:00,7771.6201171875,7793.68017578125,7720.169921875,7723.5498046875,7723.5498046875,5615640000
^GSPC,2026-08-06 04:00:00,7713.7900390625,7742.85009765625,7698.14990234375,7709.9599609375,7709.9599609375,5330830000
^GSPC,2026-08-07 04:00:00,7735.18017578125,7763.080078125,7719.18994140625,7757.64013671875,7757.64013671875,5019970000
^GSPC,2026-08-10 04:00:00,7751.740234375,7773.759765625,7743.10986328125,7753.10986328125,7753.10986328125,4879540000
^GSPC,2026-08-11 04:00:00,7767.509765625,7767.509765625,7717.25,7728.2001953125,7728.2001953125,4739500000
^GSPC,2026-08-12 04:00:00,7765.4599609375,7766.009765625,7737.9501953125,7748.5,7748.5,4574170000
^GSPC,2026-08-13 04:00:00,7763.18017578125,7816.7001953125,7763.18017578125,7798.990234375,7798.990234375,4833230000
^GSPC,2026-08-14 04:00:00,7806.60009765625,7810.009765625,7776.31005859375,7785.759765625,7785.759765625,4159900000
^GSPC,2026-08-17 04:00:00,7790.68017578125,7790.68017578125,7744.8798828125,7745.06005859375,7745.06005859375,4452630000
^GSPC,2026-08-18 04:00:00,7700.0400390625,7713.9501953125,7688.6298828125,7691.759765625,7691.759765625,4602700000
^GSPC,2026-08-19 04:00:00,7716.740234375,7743.93017578125,7700.06982421875,7707.97998046875,7707.97998046875,5184100000
^GSPC,2026-08-20 04:00:00,7690.490234375,7699.9599609375,7639.009765625,7641.16015625,7641.16015625,4759610000
^GSPC,2026-08-21 04:00:00,7665.68017578125,7697.10986328125,7660.06005859375,7674.3701171875,7674.3701171875,4497270000
^GSPC,2026-08-24 04:00:00,7663.3798828125,7670.2998046875,7638.169921875,7652.85986328125,7652.85986328125,4400800000
^GSPC,2026-08-25 04:00:00,7676.66015625,7686.10986328125,7650.919921875,7677.27978515625,7677.27978515625,4260240000
^GSPC,2026-08-26 04:00:00,7666.8798828125,7690.72998046875,7657.41015625,7675.7001953125,7675.7001953125,4100600000
^GSPC,2026-08-27 04:00:00,7710.33984375,7741.27001953125,7689.89013671875,7730.990234375,7730.990234375,4362240000
^GSPC,2026-08-28 04:00:00,7735.169921875,7771.47998046875,7700.91015625,7711.759765625,7711.759765625,4297560000
^GSPC,2026-08-31 04:00:00,7697.52001953125,7697.52001953125,7665.06005859375,7686.14013671875,7686.14013671875,5386090000
^GSPC,2026-09-01 04:00:00,7635.47021484375,7663.6298828125,7611.2001953125,7631.47021484375,7631.47021484375,4858180000
^GSPC,2026-09-02 04:00:00,7634.580078125,7681.18994140625,7633.6201171875,7666.60009765625,7666.60009765625,4738910000
^GSPC,2026-09-03 04:00:00,7686.7099609375,7756.759765625,7686.7099609375,7747.7099609375,7747.7099609375,4726400000
^GSPC,2026-09-04 04:00:00,7750.18994140625,7750.18994140625,7706.1201171875,7718.60009765625,7718.60009765625,4103570000
^GSPC,2026-09-08 04:00:00,7717.81005859375,7717.81005859375,7666.990234375,7673.52001953125,7673.52001953125,4966930000
^GSPC,2026-09-09 04:00:00,7660.68017578125,7660.68017578125,7624.16015625,7636.35986328125,7636.35986328125,4896940000
^GSPC,2026-09-10 04:00:00,7594.740234375,7612.85986328125,7580.06005859375,7591.7001953125,7591.7001953125,4893500000
^GSPC,2026-09-11 04:00:00,7636.75,7677.02001953125,7636.75,7656.97998046875,7656.97998046875,4722480000
^GSPC,2026-09-14 04:00:00,7611.43994140625,7647.990234375,7592.27978515625,7619.97998046875,7619.97998046875,4963750000
^GSPC,2026-09-15 04:00:00,7612.2998046875,7617.259765625,7572.68994140625,7585.72998046875,7585.72998046875,5154930000
^GSPC,2026-09-16 04:00:00,7601.25,7626.7900390625,7507.77001953125,7551.81005859375,7551.81005859375,5307920000
^GSPC,2026-09-17 04:00:00,7631.43994140625,7646.85986328125,7611.81005859375,7637.759765625,7637.759765625,5058210000
^GSPC,2026-09-18 04:00:00,7657.169921875,7657.169921875,7610.52001953125,7650.5,7650.5,8858350000
^GSPC,2026-09-21 04:00:00,7692.830078125,7779.22021484375,7691.18994140625,7764.7001953125,7764.7001953125,4828050000
^GSPC,2026-09-22 04:00:00,7770.81005859375,7782.18994140625,7756.259765625,7764.64013671875,7764.64013671875,5286270000
^GSPC,2026-09-23 04:00:00,7761.93994140625,7761.93994140625,7694.89013671875,7706.02978515625,7706.02978515625,5110910000
^GSPC,2026-09-24 04:00:00,7666.990234375,7719.009765625,7662.56982421875,7704.1298828125,7704.1298828125,5316390000
^GSPC,2026-09-25 04:00:00,7709.85986328125,7752.06982421875,7693.080078125,7743.41015625,7743.41015625,4499180000
^GSPC,2026-09-28 04:00:00,7721.7001953125,7724.14990234375,7666.60009765625,7683.68994140625,7683.68994140625,5129710000
^GSPC,2026-09-29 04:00:00,7699.60009765625,7699.60009765625,7653.5498046875,7670.83984375,7670.83984375,5023590000
^GSPC,2026-09-30 04:00:00,7688.990234375,7722.8798828125,7651.5400390625,7651.5400390625,7651.5400390625,4276550000
^GSPC,2026-10-01 04:00:00,7666.47021484375,7684.75,7616.77978515625,7666.4501953125,7666.4501953125,5783800000
^GSPC,2026-10-02 04:00:00,7726.240234375,7754.669921875,7700.509765625,7722.72021484375,7722.72021484375,5277430000
^HSI,2026-05-11 16:00:00,26497.029296875,26592.369140625,26328.83984375,26347.91015625,26347.91015625,3082300000
^HSI,2026-05-12 16:00:00,26369.990234375,26458.900390625,26220.119140625,26388.439453125,26388.439453125,2820400000
^HSI,2026-05-13 16:00:00,26836.66015625,26844.80078125,26366.859375,26389.0390625,26389.0390625,3124300000
^HSI,2026-05-14 16:00:00,26391.01953125,26391.01953125,25847.150390625,25962.73046875,25962.73046875,3259900000
^HSI,2026-05-17 16:00:00,25838.9609375,25838.9609375,25505.7109375,25675.1796875,25675.1796875,3017100000
^HSI,2026-05-18 16:00:00,25693.369140625,25845.4609375,25671.119140625,25797.849609375,25797.849609375,3100100000
^HSI,2026-05-19 16:00:00,25709.619140625,25713.529296875,25555.060546875,25651.119140625,25651.119140625,2859500000
^HSI,2026-05-20 16:00:00,25833.240234375,25833.7109375,25341.73046875,25386.51953125,25386.51953125,3027700000
^HSI,2026-05-21 16:00:00,25641.80078125,25732.359375,25483.240234375,25606.029296875,25606.029296875,3280800000
^HSI,2026-05-25 16:00:00,25622.359375,25768.380859375,25431.169921875,25599.44921875,25599.44921875,4082800000
^HSI,2026-05-26 16:00:00,25608.779296875,25638.41015625,25258.029296875,25328.23046875,25328.23046875,3717100000
^HSI,2026-05-27 16:00:00,25230.580078125,25230.580078125,24727.259765625,25006.16015625,25006.16015625,4237000000
^HSI,2026-05-28 16:00:00,25161.51953125,25313.330078125,25055.80078125,25182.390625,25182.390625,6766100000
^HSI,2026-05-31 16:00:00,25180.05078125,25486.759765625,25174.30078125,25398.1796875,25398.1796875,3703000000
^HSI,2026-06-01 16:00:00,25395.0703125,26045.0703125,25394.640625,26038.3203125,26038.3203125,3751300000
^HSI,2026-06-02 16:00:00,25953.009765625,25953.009765625,25569.44921875,25633.2109375,25633.2109375,3174800000
^HSI,2026-06-03 16:00:00,25465.30078125,25499.08984375,25188.01953125,25253.400390625,25253.400390625,2783000000
^HSI,2026-06-04 16:00:00,25186.119140625,25216.1796875,24928.140625,24961.94921875,24961.94921875,3574800000
^HSI,2026-06-07 16:00:00,24582.91015625,24837.98046875,24458.5390625,24657.060546875,24657.060546875,3806700000
^HSI,2026-06-08 16:00:00,24551.9296875,24740.650390625,24486.390625,24565.900390625,24565.900390625,3359000000
^HSI,2026-06-09 16:00:00,24442.51953125,24505.9609375,24207.029296875,24407.9609375,24407.9609375,3942300000
^HSI,2026-06-10 16:00:00,24380.01953125,24492.7109375,23999.669921875,24249.2890625,24249.2890625,3420800000
^HSI,2026-06-11 16:00:00,24501.5,24771.609375,24445.509765625,24718.099609375,24718.099609375,3751900000
^HSI,2026-06-14 16:00:00,25001.419921875,25047.900390625,24796.30078125,24842.669921875,24842.669921875,3636200000
^HSI,2026-06-15 16:00:00,24826.189453125,24844.98046875,24378.689453125,24493.94921875,24493.94921875,3145200000
^HSI,2026-06-16 16:00:00,24495.849609375,24560.189453125,24254.0703125,24312.16015625,24312.16015625,3055000000
^HSI,2026-06-17 16:00:00,24145.189453125,24163.25,23749.990234375,23924.810546875,23924.810546875,4835300000
^HSI,2026-06-21 16:00:00,23811.759765625,23863.7109375,23444.859375,23768.51953125,23768.51953125,4050300000
^HSI,2026-06-22 16:00:00,23800.01953125,23825.810546875,23252.130859375,23336.279296875,23336.279296875,3689200000
^HSI,2026-06-23 16:00:00,23420.69921875,23565.650390625,23248.869140625,23412.1796875,23412.1796875,3460100000
^HSI,2026-06-24 16:00:00,23388.5,23388.5,22978.58984375,23076.91015625,23076.91015625,4265700000
^HSI,2026-06-25 16:00:00,22952.08984375,22962.4609375,22518.0,22671.859375,22671.859375,4194500000
^HSI,2026-06-28 16:00:00,22827.650390625,23183.169921875,22783.640625,23026.6796875,23026.6796875,3457600000
^HSI,2026-06-29 16:00:00,23007.869140625,23086.849609375,22685.140625,22881.01953125,22881.01953125,4494700000
^HSI,2026-07-01 16:00:00,23071.4296875,23335.919921875,22953.69921875,23055.029296875,23055.029296875,4144500000
^HSI,2026-07-02 16:00:00,23240.849609375,23516.69921875,23226.19921875,23350.029296875,23350.029296875,3394600000
^HSI,2026-07-05 16:00:00,23404.609375,23686.560546875,23229.380859375,23616.3203125,23616.3203125,3396900000
^HSI,2026-07-06 16:00:00,23568.490234375,23820.919921875,23398.26953125,23496.890625,23496.890625,3693000000
^HSI,2026-07-07 16:00:00,23541.220703125,24310.919921875,23541.220703125,24199.4609375,24199.4609375,4447700000
^HSI,2026-07-08 16:00:00,24181.33984375,24353.759765625,23917.3203125,24030.1796875,24030.1796875,3666200000
^HSI,2026-07-09 16:00:00,24213.439453125,24499.630859375,24064.619140625,24175.119140625,24175.119140625,3340800000
^HSI,2026-07-12 16:00:00,24157.650390625,24449.76953125,24095.73046875,24213.720703125,24213.720703125,2991300000
^HSI,2026-07-13 16:00:00,24181.51953125,24436.580078125,23902.05078125,24340.73046875,24340.73046875,3571400000
^HSI,2026-07-14 16:00:00,24551.33984375,24774.83984375,24449.529296875,24681.099609375,24681.099609375,3246900000
^HSI,2026-07-15 16:00:00,24825.01953125,25221.439453125,24825.01953125,25008.599609375,25008.599609375,3436100000
^HSI,2026-07-16 16:00:00,25022.5390625,25166.560546875,24332.509765625,24562.240234375,24562.240234375,3747400000
^HSI,2026-07-19 16:00:00,24835.029296875,25155.55078125,24756.359375,25143.05078125,25143.05078125,3338100000
^HSI,2026-07-20 16:00:00,25150.5390625,25253.650390625,24991.390625,25132.2890625,25132.2890625,2894600000
^HSI,2026-07-21 16:00:00,24978.900390625,25040.26953125,24802.060546875,24892.66015625,24892.66015625,3032900000
^HSI,2026-07-22 16:00:00,24966.529296875,25267.390625,24876.830078125,25210.810546875,25210.810546875,2700200000
^HSI,2026-07-23 16:00:00,24932.5,25031.33984375,24812.5,24963.23046875,24963.23046875,2473400000
^HSI,2026-07-26 16:00:00,24993.76953125,25276.9609375,24938.33984375,25207.1796875,25207.1796875,2630100000
^HSI,2026-07-27 16:00:00,25271.94921875,25440.6796875,25069.849609375,25310.849609375,25310.849609375,3084100000
^HSI,2026-07-28 16:00:00,25487.16015625,25808.9296875,25487.16015625,25807.919921875,25807.919921875,3870400000
^HSI,2026-07-29 16:00:00,25875.830078125,25971.630859375,25657.330078125,25858.880859375,25858.880859375,3743800000
^HSI,2026-07-30 16:00:00,25837.720703125,25917.19921875,25622.919921875,25884.4296875,25884.4296875,3585400000
^HSI,2026-08-02 16:00:00,25987.310546875,26133.880859375,25811.740234375,26009.400390625,26009.400390625,2923000000
^HSI,2026-08-03 16:00:00,26090.98046875,26187.5703125,25768.0390625,25852.919921875,25852.919921875,2918600000
^HSI,2026-08-04 16:00:00,25890.990234375,25973.939453125,25729.859375,25915.8203125,25915.8203125,2917300000
^HSI,2026-08-05 16:00:00,25667.140625,25667.140625,25389.419921875,25530.279296875,25530.279296875,2855000000
^HSI,2026-08-06 16:00:00,25526.650390625,25669.51953125,25393.130859375,25668.029296875,25668.029296875,2757400000
^HSI,2026-08-09 16:00:00,25805.1796875,25957.75,25720.4609375,25937.490234375,25937.490234375,2409300000
^HSI,2026-08-10 16:00:00,25998.58984375,26060.3203125,25647.66015625,25652.8203125,25652.8203125,2336000000
^HSI,2026-08-11 16:00:00,25498.390625,25498.390625,25323.330078125,25440.169921875,25440.169921875,2380400000
^HSI,2026-08-12 16:00:00,25288.0703125,25519.390625,25288.0703125,25396.509765625,25396.509765625,2868700000
^HSI,2026-08-13 16:00:00,25219.150390625,25311.859375,25089.140625,25116.849609375,25116.849609375,2526200000
^HSI,2026-08-16 16:00:00,25303.41015625,25578.26953125,25303.41015625,25453.23046875,25453.23046875,2190500000
^HSI,2026-08-17 16:00:00,25368.869140625,25518.029296875,25240.619140625,25471.150390625,25471.150390625,2716900000
^HSI,2026-08-18 16:00:00,25346.900390625,25537.189453125,25315.3203125,25495.0703125,25495.0703125,3462700000
^HSI,2026-08-19 16:00:00,25779.080078125,25842.91015625,25632.390625,25698.490234375,25698.490234375,3777000000
^HSI,2026-08-20 16:00:00,25807.609375,26009.4609375,25807.609375,26009.4609375,26009.4609375,3350100000
^HSI,2026-08-23 16:00:00,25780.119140625,25780.119140625,25430.939453125,25517.330078125,25517.330078125,3664500000
^HSI,2026-08-24 16:00:00,25634.220703125,25676.76953125,25403.439453125,25511.099609375,25511.099609375,2916100000
^HSI,2026-08-25 16:00:00,25635.240234375,25800.220703125,25615.939453125,25652.970703125,25652.970703125,3001700000
^HSI,2026-08-26 16:00:00,25774.869140625,25792.009765625,25500.9609375,25565.740234375,25565.740234375,2621400000
^HSI,2026-08-27 16:00:00,25410.4609375,25699.08984375,25410.4609375,25584.7890625,25584.7890625,2533500000
^HSI,2026-08-30 16:00:00,25420.630859375,25566.990234375,25290.689453125,25566.990234375,25566.990234375,5115100000
^HSI,2026-08-31 16:00:00,25415.720703125,25478.98046875,25240.19921875,25329.73046875,25329.73046875,3078700000
^HSI,2026-09-01 16:00:00,25280.8203125,25311.2109375,25008.869140625,25311.2109375,25311.2109375,2694700000
^HSI,2026-09-02 16:00:00,25482.560546875,25538.150390625,25160.380859375,25213.310546875,25213.310546875,2741100000
^HSI,2026-09-03 16:00:00,25515.740234375,25791.380859375,25515.740234375,25650.869140625,25650.869140625,3576700000
^HSI,2026-09-06 16:00:00,25652.970703125,25664.98046875,25362.98046875,25413.119140625,25413.119140625,2421900000
^HSI,2026-09-07 16:00:00,25252.0703125,25394.599609375,25225.689453125,25317.1796875,25317.1796875,2637000000
^HSI,2026-09-08 16:00:00,25328.130859375,25335.51953125,25161.669921875,25274.9609375,25274.9609375,3136300000
^HSI,2026-09-09 16:00:00,24985.1796875,25021.810546875,24889.640625,24954.470703125,24954.470703125,2814600000
^HSI,2026-09-10 16:00:00,24718.150390625,24851.1796875,24570.240234375,24805.630859375,24805.630859375,3138300000
^HSI,2026-09-13 16:00:00,24701.1796875,24926.240234375,24662.109375,24917.599609375,24917.599609375,2514800000
^HSI,2026-09-14 16:00:00,24934.060546875,24934.060546875,24657.009765625,24667.240234375,24667.240234375,2321000000
^HSI,2026-09-15 16:00:00,24789.91015625,24789.91015625,24574.75,24713.779296875,24713.779296875,2163400000
^HSI,2026-09-16 16:00:00,24480.5703125,24606.150390625,24357.689453125,24604.2890625,24604.2890625,2261700000
^HSI,2026-09-17 16:00:00,24723.849609375,24862.98046875,24703.919921875,24750.779296875,24750.779296875,3420800000
^HSI,2026-09-20 16:00:00,24748.44921875,25042.7109375,24736.919921875,25042.7109375,25042.7109375,2541100000
^HSI,2026-09-21 16:00:00,25170.80078125,25254.109375,25043.640625,25087.75,25087.75,2673900000
^HSI,2026-09-22 16:00:00,25064.83984375,25072.25,24811.849609375,24834.119140625,24834.119140625,2029600000
^HSI,2026-09-23 16:00:00,24649.44921875,24791.19921875,24648.2890625,24761.130859375,24761.130859375,1927300000
^HSI,2026-09-24 16:00:00,24523.5,24537.140625,24275.560546875,24510.08984375,24510.08984375,1343800000
^HSI,2026-09-27 16:00:00,24554.580078125,24767.220703125,24554.580078125,24642.509765625,24642.509765625,2328900000
^HSI,2026-09-28 16:00:00,24648.640625,24648.640625,24444.150390625,24523.5703125,24523.5703125,2997600000
^HSI,2026-09-29 16:00:00,24393.880859375,24637.650390625,24332.640625,24613.26953125,24613.26953125,2808700000
^HSI,2026-10-01 16:00:00,24099.73046875,24099.73046875,23865.330078125,23972.2890625,23972.2890625,1987400000
^IBEX,2026-05-17 22:00:00,17479.5,17811.80078125,17465.099609375,17755.099609375,17755.099609375,0
^IBEX,2026-05-18 22:00:00,17754.30078125,17858.19921875,17651.099609375,17670.099609375,17670.099609375,0
^IBEX,2026-05-19 22:00:00,17650.400390625,18103.5,17646.30078125,18051.69921875,18051.69921875,0
^IBEX,2026-05-20 22:00:00,18036.19921875,18125.900390625,17895.5,17975.19921875,17975.19921875,0
^IBEX,2026-05-21 22:00:00,18082.5,18097.80078125,17955.30078125,17985.30078125,17985.30078125,0
^IBEX,2026-05-24 22:00:00,18191.400390625,18412.0,18191.400390625,18387.400390625,18387.400390625,0
^IBEX,2026-05-25 22:00:00,18379.19921875,18425.099609375,18290.900390625,18290.900390625,18290.900390625,0
^IBEX,2026-05-26 22:00:00,18373.5,18443.5,18320.400390625,18380.900390625,18380.900390625,0
^IBEX,2026-05-27 22:00:00,18312.30078125,18377.599609375,18217.0,18279.30078125,18279.30078125,0
^IBEX,2026-05-28 22:00:00,18384.80078125,18489.0,18340.69921875,18362.900390625,18362.900390625,0
^IBEX,2026-05-31 22:00:00,18330.900390625,18384.400390625,18077.400390625,18184.900390625,18184.900390625,0
^IBEX,2026-06-01 22:00:00,18298.400390625,18388.19921875,18212.69921875,18272.0,18272.0,0
^IBEX,2026-06-02 22:00:00,18312.80078125,18400.0,18176.0,18176.0,18176.0,0
^IBEX,2026-06-03 22:00:00,18176.0,18360.0,18176.0,18276.0,18276.0,0
^IBEX,2026-06-04 22:00:00,18344.69921875,18500.19921875,18292.900390625,18344.900390625,18344.900390625,0
^IBEX,2026-06-07 22:00:00,18209.80078125,18413.30078125,18179.400390625,18223.099609375,18223.099609375,0
^IBEX,2026-06-08 22:00:00,18241.30078125,18467.599609375,18174.69921875,18174.69921875,18174.69921875,0
^IBEX,2026-06-09 22:00:00,18265.30078125,18271.599609375,17953.5,18142.69921875,18142.69921875,0
^IBEX,2026-06-10 22:00:00,18186.400390625,18401.599609375,18150.80078125,18290.099609375,18290.099609375,0
^IBEX,2026-06-11 22:00:00,18594.900390625,18796.30078125,18578.69921875,18764.400390625,18764.400390625,0
^IBEX,2026-06-14 22:00:00,19032.5,19152.0,18930.400390625,19032.0,19032.0,0
^IBEX,2026-06-15 22:00:00,19080.400390625,19163.599609375,19035.80078125,19163.599609375,19163.599609375,0
^IBEX,2026-06-16 22:00:00,19153.69921875,19421.900390625,19121.400390625,19421.900390625,19421.900390625,0
^IBEX,2026-06-17 22:00:00,19404.69921875,19439.69921875,19291.5,19404.099609375,19404.099609375,0
^IBEX,2026-06-18 22:00:00,19352.5,19439.0,19330.400390625,19347.400390625,19347.400390625,0
^IBEX,2026-06-21 22:00:00,19363.099609375,19575.30078125,19338.099609375,19542.30078125,19542.30078125,0
^IBEX,2026-06-22 22:00:00,19470.80078125,19547.0,19352.400390625,19476.5,19476.5,0
^IBEX,2026-06-23 22:00:00,19476.900390625,19482.30078125,19314.5,19389.5,19389.5,0
^IBEX,2026-06-24 22:00:00,19403.69921875,19549.30078125,19348.400390625,19513.599609375,19513.599609375,0
^IBEX,2026-06-25 22:00:00,19485.30078125,19512.69921875,19330.599609375,19425.30078125,19425.30078125,0
^IBEX,2026-06-28 22:00:00,19392.69921875,19432.80078125,19317.80078125,19387.400390625,19387.400390625,0
^IBEX,2026-06-29 22:00:00,19411.0,19527.400390625,19381.599609375,19471.900390625,19471.900390625,0
^IBEX,2026-06-30 22:00:00,19450.099609375,19450.19921875,19276.0,19406.599609375,19406.599609375,0
^IBEX,2026-07-01 22:00:00,19418.80078125,19799.5,19389.80078125,19671.80078125,19671.80078125,0
^IBEX,2026-07-02 22:00:00,19714.5,19879.099609375,19708.69921875,19852.400390625,19852.400390625,0
^IBEX,2026-07-05 22:00:00,19801.0,19833.400390625,19664.900390625,19683.80078125,19683.80078125,0
^IBEX,2026-07-06 22:00:00,19707.0,19796.19921875,19640.19921875,19640.19921875,19640.19921875,0
^IBEX,2026-07-07 22:00:00,19541.0,19541.0,19038.900390625,19104.30078125,19104.30078125,0
^IBEX,2026-07-08 22:00:00,19269.5,19349.0,19237.400390625,19322.80078125,19322.80078125,0
^IBEX,2026-07-09 22:00:00,19333.69921875,19443.900390625,19318.0,19384.69921875,19384.69921875,0
^IBEX,2026-07-12 22:00:00,19305.0,19440.599609375,19284.0,19335.69921875,19335.69921875,0
^IBEX,2026-07-13 22:00:00,19183.69921875,19388.69921875,19081.19921875,19356.599609375,19356.599609375,0
^IBEX,2026-07-14 22:00:00,19232.599609375,19335.400390625,19137.5,19275.5,19275.5,0
^IBEX,2026-07-15 22:00:00,19327.0,19332.80078125,19100.80078125,19304.099609375,19304.099609375,0
^IBEX,2026-07-16 22:00:00,19168.599609375,19290.099609375,19126.19921875,19216.900390625,19216.900390625,0
^IBEX,2026-07-19 22:00:00,19148.80078125,19308.900390625,19136.19921875,19206.900390625,19206.900390625,0
^IBEX,2026-07-20 22:00:00,19248.400390625,19388.0,19208.0,19379.80078125,19379.80078125,0
^IBEX,2026-07-21 22:00:00,19292.0,19654.400390625,19242.80078125,19571.30078125,19571.30078125,0
^IBEX,2026-07-22 22:00:00,19532.5,19532.900390625,19226.69921875,19267.0,19267.0,0
^IBEX,2026-07-23 22:00:00,19267.0,19585.69921875,19259.80078125,19585.400390625,19585.400390625,0
^IBEX,2026-07-26 22:00:00,19775.900390625,19913.900390625,19728.80078125,19741.30078125,19741.30078125,0
^IBEX,2026-07-27 22:00:00,19888.19921875,19890.099609375,19666.099609375,19727.0,19727.0,0
^IBEX,2026-07-28 22:00:00,19726.900390625,19743.900390625,19381.19921875,19412.69921875,19412.69921875,0
^IBEX,2026-07-29 22:00:00,19346.5,19779.80078125,19346.5,19757.69921875,19757.69921875,0
^IBEX,2026-07-30 22:00:00,19761.599609375,19953.5,19702.5,19782.900390625,19782.900390625,0
^IBEX,2026-08-02 22:00:00,19917.69921875,19987.400390625,19855.400390625,19982.599609375,19982.599609375,0
^IBEX,2026-08-03 22:00:00,19991.19921875,20078.30078125,19937.5,20023.599609375,20023.599609375,0
^IBEX,2026-08-04 22:00:00,20056.19921875,20152.80078125,20037.19921875,20057.0,20057.0,0
^IBEX,2026-08-05 22:00:00,20139.69921875,20326.69921875,20139.69921875,20180.400390625,20180.400390625,0
^IBEX,2026-08-06 22:00:00,20216.0,20288.400390625,20055.0,20176.0,20176.0,0
^IBEX,2026-08-09 22:00:00,20161.80078125,20256.099609375,20092.19921875,20173.0,20173.0,0
^IBEX,2026-08-10 22:00:00,20186.30078125,20295.0,20184.69921875,20213.599609375,20213.599609375,0
^IBEX,2026-08-11 22:00:00,20260.099609375,20307.599609375,20154.69921875,20204.400390625,20204.400390625,0
^IBEX,2026-08-12 22:00:00,20264.900390625,20356.5,20168.599609375,20168.599609375,20168.599609375,0
^IBEX,2026-08-13 22:00:00,20211.19921875,20212.80078125,20097.599609375,20156.599609375,20156.599609375,0
^IBEX,2026-08-16 22:00:00,20124.80078125,20169.30078125,19981.900390625,19981.900390625,19981.900390625,0
^IBEX,2026-08-17 22:00:00,19988.5,20074.0,19929.0,19934.900390625,19934.900390625,0
^IBEX,2026-08-18 22:00:00,19939.19921875,19983.19921875,19821.19921875,19847.5,19847.5,0
^IBEX,2026-08-19 22:00:00,19834.099609375,19916.5,19783.80078125,19811.0,19811.0,0
^IBEX,2026-08-20 22:00:00,19868.19921875,20020.80078125,19863.0,19961.5,19961.5,0
^IBEX,2026-08-23 22:00:00,19978.69921875,20117.400390625,19957.30078125,20098.599609375,20098.599609375,0
^IBEX,2026-08-24 22:00:00,20189.0,20202.0,20000.30078125,20056.599609375,20056.599609375,0
^IBEX,2026-08-25 22:00:00,20109.900390625,20178.5,20065.900390625,20067.30078125,20067.30078125,0
^IBEX,2026-08-26 22:00:00,20073.599609375,20091.599609375,19845.599609375,19881.599609375,19881.599609375,0
^IBEX,2026-08-27 22:00:00,20024.30078125,20085.599609375,19944.69921875,20041.900390625,20041.900390625,0
^IBEX,2026-08-30 22:00:00,20070.599609375,20135.599609375,19974.099609375,19974.099609375,19974.099609375,0
^IBEX,2026-08-31 22:00:00,19984.80078125,19999.0,19734.69921875,19824.0,19824.0,0
^IBEX,2026-09-01 22:00:00,19790.80078125,19882.69921875,19739.30078125,19779.0,19779.0,0
^IBEX,2026-09-02 22:00:00,19817.400390625,20000.19921875,19797.900390625,20000.19921875,20000.19921875,0
^IBEX,2026-09-03 22:00:00,20000.19921875,20084.400390625,19872.30078125,20050.69921875,20050.69921875,0
^IBEX,2026-09-06 22:00:00,20052.400390625,20076.900390625,19974.69921875,20021.80078125,20021.80078125,0
^IBEX,2026-09-07 22:00:00,19948.30078125,20019.400390625,19810.400390625,19997.099609375,19997.099609375,0
^IBEX,2026-09-08 22:00:00,19794.599609375,19838.30078125,19498.099609375,19695.30078125,19695.30078125,0
^IBEX,2026-09-09 22:00:00,19748.80078125,19833.099609375,19614.5,19659.80078125,19659.80078125,0
^IBEX,2026-09-10 22:00:00,19771.400390625,19884.400390625,19736.099609375,19838.5,19838.5,0
^IBEX,2026-09-13 22:00:00,19763.400390625,19810.900390625,19511.5,19565.5,19565.5,0
^IBEX,2026-09-14 22:00:00,19509.80078125,19665.0,19392.599609375,19555.900390625,19555.900390625,0
^IBEX,2026-09-15 22:00:00,19657.099609375,19708.19921875,19557.69921875,19635.80078125,19635.80078125,0
^IBEX,2026-09-16 22:00:00,19691.5,19869.099609375,19689.599609375,19831.80078125,19831.80078125,0
^IBEX,2026-09-17 22:00:00,19809.099609375,19809.099609375,19485.0,19513.80078125,19513.80078125,0
^IBEX,2026-09-20 22:00:00,19599.80078125,19771.900390625,19599.80078125,19724.400390625,19724.400390625,0
^IBEX,2026-09-21 22:00:00,19785.900390625,19942.80078125,19666.0,19754.099609375,19754.099609375,0
^IBEX,2026-09-22 22:00:00,19867.69921875,19890.900390625,19622.19921875,19632.19921875,19632.19921875,0
^IBEX,2026-09-23 22:00:00,19514.19921875,19724.099609375,19492.599609375,19573.400390625,19573.400390625,0
^IBEX,2026-09-24 22:00:00,19693.0,19819.099609375,19655.5,19700.099609375,19700.099609375,0
^IBEX,2026-09-27 22:00:00,19755.599609375,19769.599609375,19600.30078125,19600.30078125,19600.30078125,0
^IBEX,2026-09-28 22:00:00,19665.400390625,19763.0,19501.5,19517.5,19517.5,0
^IBEX,2026-09-29 22:00:00,19564.30078125,19718.0,19426.19921875,19426.19921875,19426.19921875,0
^IBEX,2026-09-30 22:00:00,19279.69921875,19358.900390625,19005.30078125,19005.30078125,19005.30078125,0
^IBEX,2026-10-01 22:00:00,19055.30078125,19216.599609375,18942.900390625,19085.30078125,19085.30078125,0
^IXIC,2026-05-12 04:00:00,26087.009765625,26190.48046875,25739.220703125,26088.19921875,26088.19921875,9631840000
^IXIC,2026-05-13 04:00:00,26147.650390625,26474.1796875,25990.16015625,26402.33984375,26402.33984375,9734720000
^IXIC,2026-05-14 04:00:00,26425.470703125,26707.140625,26423.2109375,26635.220703125,26635.220703125,9860060000
^IXIC,2026-05-15 04:00:00,26288.919921875,26460.759765625,26097.5390625,26225.140625,26225.140625,9584430000
^IXIC,2026-05-18 04:00:00,26289.490234375,26310.83984375,25867.30078125,26090.73046875,26090.73046875,10327940000
^IXIC,2026-05-19 04:00:00,25923.490234375,26050.2890625,25701.439453125,25870.7109375,25870.7109375,9895620000
^IXIC,2026-05-20 04:00:00,25991.509765625,26273.759765625,25928.330078125,26270.359375,26270.359375,9268370000
^IXIC,2026-05-21 04:00:00,26143.619140625,26403.5703125,26039.369140625,26293.099609375,26293.099609375,8627780000
^IXIC,2026-05-22 04:00:00,26381.560546875,26504.55078125,26309.80078125,26343.970703125,26343.970703125,9265090000
^IXIC,2026-05-26 04:00:00,26590.5,26725.2890625,26520.30078125,26656.1796875,26656.1796875,9718120000
^IXIC,2026-05-27 04:00:00,26695.439453125,26715.310546875,26538.310546875,26674.73046875,26674.73046875,9240640000
^IXIC,2026-05-28 04:00:00,26686.529296875,26934.83984375,26588.51953125,26917.470703125,26917.470703125,9224620000
^IXIC,2026-05-29 04:00:00,26960.83984375,27094.80078125,26859.26953125,26972.619140625,26972.619140625,11906000000
^IXIC,2026-06-01 04:00:00,26952.580078125,27190.2109375,26913.119140625,27086.810546875,27086.810546875,10199240000
^IXIC,2026-06-02 04:00:00,27030.0703125,27171.2890625,26932.76953125,27093.900390625,27093.900390625,9675650000
^IXIC,2026-06-03 04:00:00,27092.849609375,27130.880859375,26769.150390625,26853.98046875,26853.98046875,9267670000
^IXIC,2026-06-04 04:00:00,26579.30078125,26923.69921875,26554.240234375,26830.9609375,26830.9609375,8999970000
^IXIC,2026-06-05 04:00:00,26536.58984375,26572.25,25648.470703125,25709.4296875,25709.4296875,11550140000
^IXIC,2026-06-08 04:00:00,26065.0703125,26179.650390625,25872.6796875,25929.66015625,25929.66015625,10077650000
^IXIC,2026-06-09 04:00:00,26110.310546875,26259.919921875,24980.380859375,25678.8203125,25678.8203125,12106940000
^IXIC,2026-06-10 04:00:00,25512.0703125,25726.0,25145.30078125,25169.5,25169.5,9519620000
^IXIC,2026-06-11 04:00:00,25309.779296875,25846.560546875,25109.390625,25809.66015625,25809.66015625,10101910000
^IXIC,2026-06-12 04:00:00,25783.359375,26010.310546875,25599.939453125,25888.83984375,25888.83984375,10337400000
^IXIC,2026-06-15 04:00:00,26447.23046875,26687.560546875,26438.76953125,26683.939453125,26683.939453125,10590270000
^IXIC,2026-06-16 04:00:00,26649.970703125,26788.619140625,26369.390625,26376.33984375,26376.33984375,11132830000
^IXIC,2026-06-17 04:00:00,26493.8203125,26511.55078125,25960.41015625,26021.66015625,26021.66015625,11443600000
^IXIC,2026-06-18 04:00:00,26410.619140625,26559.740234375,26188.689453125,26517.9296875,26517.9296875,18286150000
^IXIC,2026-06-22 04:00:00,26483.310546875,26561.119140625,26125.48046875,26166.599609375,26166.599609375,12844290000
^IXIC,2026-06-23 04:00:00,25549.759765625,25882.5703125,25513.259765625,25587.0390625,25587.0390625,14631520000
^IXIC,2026-06-24 04:00:00,25578.619140625,25840.560546875,25354.66015625,25476.640625,25476.640625,14936190000
^IXIC,2026-06-25 04:00:00,25724.779296875,25724.779296875,25123.4296875,25358.599609375,25358.599609375,9870860000
^IXIC,2026-06-26 04:00:00,25105.41015625,25491.380859375,25014.9609375,25297.619140625,25297.619140625,16594580000
^IXIC,2026-06-29 04:00:00,25502.08984375,25834.349609375,25289.759765625,25820.140625,25820.140625,9776230000
^IXIC,2026-06-30 04:00:00,25824.470703125,26253.0390625,25808.060546875,26213.720703125,26213.720703125,9809990000
^IXIC,2026-07-01 04:00:00,26039.509765625,26238.060546875,25954.4609375,26040.029296875,26040.029296875,9094410000
^IXIC,2026-07-02 04:00:00,26047.380859375,26261.08984375,25630.509765625,25832.669921875,25832.669921875,9529580000
^IXIC,2026-07-06 04:00:00,25999.609375,26209.759765625,25963.439453125,26121.16015625,26121.16015625,7827050000
^IXIC,2026-07-07 04:00:00,25960.130859375,26010.01953125,25684.150390625,25818.689453125,25818.689453125,8244680000
^IXIC,2026-07-08 04:00:00,25704.66015625,25896.0703125,25526.4609375,25870.650390625,25870.650390625,7935740000
^IXIC,2026-07-09 04:00:00,25918.310546875,26215.8203125,25825.849609375,26206.890625,26206.890625,7312220000
^IXIC,2026-07-10 04:00:00,26175.5390625,26301.5390625,26009.490234375,26281.609375,26281.609375,7094480000
^IXIC,2026-07-13 04:00:00,26088.310546875,26139.369140625,25822.099609375,25873.1796875,25873.1796875,7231310000
^IXIC,2026-07-14 04:00:00,26015.490234375,26168.80078125,25912.400390625,26107.009765625,26107.009765625,7397960000
^IXIC,2026-07-15 04:00:00,26261.1796875,26316.810546875,26041.130859375,26269.23046875,26269.23046875,7379560000
^IXIC,2026-07-16 04:00:00,26155.400390625,26165.369140625,25765.44921875,25881.94921875,25881.94921875,8294880000
^IXIC,2026-07-17 04:00:00,25412.259765625,25703.009765625,25250.630859375,25520.240234375,25520.240234375,7820470000
^IXIC,2026-07-20 04:00:00,25720.869140625,25815.599609375,25501.099609375,25508.0703125,25508.0703125,7184070000
^IXIC,2026-07-21 04:00:00,25772.55078125,25880.33984375,25672.830078125,25837.2109375,25837.2109375,8001540000
^IXIC,2026-07-22 04:00:00,25693.720703125,25841.310546875,25681.3203125,25690.900390625,25690.900390625,7473050000
^IXIC,2026-07-23 04:00:00,25245.5390625,25358.279296875,24954.76953125,25137.689453125,25137.689453125,7655810000
^IXIC,2026-07-24 04:00:00,25107.380859375,25222.140625,24918.08984375,24975.8203125,24975.8203125,7266300000
^IXIC,2026-07-27 04:00:00,25236.189453125,25261.91015625,24774.869140625,24932.080078125,24932.080078125,7797890000
^IXIC,2026-07-28 04:00:00,24825.0703125,24984.5,24581.009765625,24876.91015625,24876.91015625,8584960000
^IXIC,2026-07-29 04:00:00,24863.48046875,25054.529296875,24425.33984375,24442.939453125,24442.939453125,8276280000
^IXIC,2026-07-30 04:00:00,24852.05078125,25171.439453125,24813.83984375,25122.1796875,25122.1796875,9048570000
^IXIC,2026-07-31 04:00:00,25340.7109375,25460.859375,25004.330078125,25373.849609375,25373.849609375,11942500000
^IXIC,2026-08-03 04:00:00,25452.66015625,25967.439453125,25420.349609375,25913.900390625,25913.900390625,11118460000
^IXIC,2026-08-04 04:00:00,26088.0390625,26679.91015625,26088.0390625,26584.990234375,26584.990234375,9717920000
^IXIC,2026-08-05 04:00:00,26698.01953125,26739.0,26348.509765625,26363.439453125,26363.439453125,9116070000
^IXIC,2026-08-06 04:00:00,26268.83984375,26499.419921875,26208.4296875,26348.349609375,26348.349609375,8936850000
^IXIC,2026-08-07 04:00:00,26534.66015625,26712.619140625,26478.009765625,26690.619140625,26690.619140625,8183970000
^IXIC,2026-08-10 04:00:00,26680.439453125,26724.630859375,26548.259765625,26605.359375,26605.359375,7675200000
^IXIC,2026-08-11 04:00:00,26672.1796875,26679.259765625,26372.310546875,26445.44921875,26445.44921875,7684920000
^IXIC,2026-08-12 04:00:00,26680.470703125,26688.240234375,26531.9296875,26588.490234375,26588.490234375,7873190000
^IXIC,2026-08-13 04:00:00,26631.33984375,26875.51953125,26612.849609375,26803.029296875,26803.029296875,8380820000
^IXIC,2026-08-14 04:00:00,26851.150390625,26862.169921875,26661.94921875,26729.16015625,26729.16015625,7212180000
^IXIC,2026-08-17 04:00:00,26784.650390625,26798.400390625,26626.380859375,26644.91015625,26644.91015625,7644090000
^IXIC,2026-08-18 04:00:00,26346.880859375,26422.5,26266.6796875,26289.7109375,26289.7109375,7360790000
^IXIC,2026-08-19 04:00:00,26393.890625,26456.779296875,26185.130859375,26331.08984375,26331.08984375,8173140000
^IXIC,2026-08-20 04:00:00,26211.51953125,26263.470703125,26023.119140625,26067.169921875,26067.169921875,8244680000
^IXIC,2026-08-21 04:00:00,26198.83984375,26269.849609375,26049.2890625,26180.4609375,26180.4609375,7410100000
^IXIC,2026-08-24 04:00:00,26065.3203125,26109.9609375,25910.8203125,25980.189453125,25980.189453125,7318150000
^IXIC,2026-08-25 04:00:00,26148.7109375,26225.830078125,26034.349609375,26151.30078125,26151.30078125,7483990000
^IXIC,2026-08-26 04:00:00,26099.580078125,26189.810546875,26021.630859375,26130.19921875,26130.19921875,7065320000
^IXIC,2026-08-27 04:00:00,26356.98046875,26553.900390625,26273.869140625,26541.349609375,26541.349609375,7448410000
^IXIC,2026-08-28 04:00:00,26515.990234375,26700.6796875,26359.26953125,26402.419921875,26402.419921875,8457870000
^IXIC,2026-08-31 04:00:00,26358.560546875,26398.330078125,26249.76953125,26370.890625,26370.890625,7679730000
^IXIC,2026-09-01 04:00:00,26031.669921875,26260.6796875,25995.529296875,26099.76953125,26099.76953125,6750660000
^IXIC,2026-09-02 04:00:00,26094.0,26245.0390625,26062.6796875,26217.830078125,26217.830078125,7442550000
^IXIC,2026-09-03 04:00:00,26336.3203125,26644.5703125,26325.060546875,26584.060546875,26584.060546875,7600140000
^IXIC,2026-09-04 04:00:00,26587.900390625,26628.580078125,26444.83984375,26506.990234375,26506.990234375,6529110000
^IXIC,2026-09-08 04:00:00,26528.5703125,26542.140625,26341.169921875,26421.41015625,26421.41015625,7714560000
^IXIC,2026-09-09 04:00:00,26325.060546875,26366.560546875,26184.2109375,26253.33984375,26253.33984375,7379700000
^IXIC,2026-09-10 04:00:00,26021.05078125,26178.25,25979.5390625,26081.720703125,26081.720703125,7174170000
^IXIC,2026-09-11 04:00:00,26289.41015625,26431.220703125,26283.109375,26333.0390625,26333.0390625,6587900000
^IXIC,2026-09-14 04:00:00,26018.5,26329.98046875,25992.55078125,26186.41015625,26186.41015625,7179780000
^IXIC,2026-09-15 04:00:00,26140.23046875,26172.119140625,25943.310546875,25981.5703125,25981.5703125,7934200000
^IXIC,2026-09-16 04:00:00,26108.4609375,26225.08984375,25802.9609375,25978.4296875,25978.4296875,9968640000
^IXIC,2026-09-17 04:00:00,26377.859375,26460.640625,26289.939453125,26418.30078125,26418.30078125,9884890000
^IXIC,2026-09-18 04:00:00,26522.08984375,26544.9296875,26333.98046875,26522.5390625,26522.5390625,13286960000
^IXIC,2026-09-21 04:00:00,26723.189453125,27183.9296875,26707.419921875,27122.08984375,27122.08984375,8813260000
^IXIC,2026-09-22 04:00:00,27161.19921875,27288.7890625,27161.19921875,27244.279296875,27244.279296875,9334690000
^IXIC,2026-09-23 04:00:00,27213.51953125,27217.330078125,26873.5390625,26936.0390625,26936.0390625,8491740000
^IXIC,2026-09-24 04:00:00,26734.509765625,26971.0390625,26706.140625,26939.369140625,26939.369140625,8078820000
^IXIC,2026-09-25 04:00:00,26970.94921875,27122.759765625,26876.26953125,27068.720703125,27068.720703125,7275260000
^IXIC,2026-09-28 04:00:00,26935.759765625,26990.01953125,26709.689453125,26820.380859375,26820.380859375,7030730000
^IXIC,2026-09-29 04:00:00,26908.759765625,26919.720703125,26717.94921875,26797.5390625,26797.5390625,7097250000
^IXIC,2026-09-30 04:00:00,26892.80078125,27108.19921875,26861.060546875,26861.060546875,26861.060546875,8300260000
^IXIC,2026-10-01 04:00:00,26992.310546875,27014.470703125,26733.890625,26871.599609375,26871.599609375,7329610000
^IXIC,2026-10-02 04:00:00,27216.91015625,27353.6796875,27112.240234375,27190.859375,27190.859375,7954430000
^JKSE,2026-05-05 17:00:00,7086.33984375,7127.72119140625,7049.919921875,7092.466796875,7092.466796875,338543400
^JKSE,2026-05-06 17:00:00,7160.7890625,7207.0751953125,7107.1748046875,7174.32080078125,7174.32080078125,327636900
^JKSE,2026-05-07 17:00:00,7182.9609375,7186.830078125,6969.39599609375,6969.39599609375,6969.39599609375,393674100
^JKSE,2026-05-10 17:00:00,6959.94287109375,7001.67919921875,6846.6318359375,6905.6201171875,6905.6201171875,353618500
^JKSE,2026-05-11 17:00:00,6946.84521484375,6977.2861328125,6762.8779296875,6858.89892578125,6858.89892578125,291969900
^JKSE,2026-05-12 17:00:00,6763.94482421875,6787.34521484375,6705.43310546875,6723.31982421875,6723.31982421875,263137300
^JKSE,2026-05-17 17:00:00,6628.97607421875,6631.2822265625,6398.7861328125,6599.240234375,6599.240234375,280639000
^JKSE,2026-05-18 17:00:00,6599.212890625,6635.126953125,6323.26416015625,6370.67919921875,6370.67919921875,409331400
^JKSE,2026-05-19 17:00:00,6352.2021484375,6459.55615234375,6215.56201171875,6318.5,6318.5,369455900
^JKSE,2026-05-20 17:00:00,6366.48486328125,6378.81103515625,6080.9541015625,6094.94091796875,6094.94091796875,318636000
^JKSE,2026-05-21 17:00:00,6065.6259765625,6171.966796875,5966.85986328125,6162.044921875,6162.044921875,313365000
^JKSE,2026-05-24 17:00:00,6187.65478515625,6239.59423828125,6124.578125,6206.34912109375,6206.34912109375,240896500
^JKSE,2026-05-25 17:00:00,6201.80419921875,6286.8720703125,6124.7939453125,6130.18994140625,6130.18994140625,210088300
^JKSE,2026-05-28 17:00:00,6112.77001953125,6230.5,6111.97119140625,6127.380859375,6127.380859375,391356100
^JKSE,2026-06-01 17:00:00,6210.00390625,6264.26123046875,6143.625,6195.4267578125,6195.4267578125,253584400
^JKSE,2026-06-02 17:00:00,6207.10205078125,6213.80078125,5841.99609375,5941.06591796875,5941.06591796875,344582700
^JKSE,2026-06-03 17:00:00,5919.56494140625,5924.5078125,5644.23388671875,5839.78515625,5839.78515625,325839700
^JKSE,2026-06-04 17:00:00,5846.4912109375,5860.6708984375,5594.11083984375,5594.76513671875,5594.76513671875,242414700
^JKSE,2026-06-07 17:00:00,5486.31103515625,5523.94189453125,5317.908203125,5342.13720703125,5342.13720703125,259538800
^JKSE,2026-06-08 17:00:00,5344.68798828125,5746.64794921875,5318.14501953125,5746.64794921875,5746.64794921875,353501300
^JKSE,2026-06-09 17:00:00,5744.05908203125,5942.94287109375,5677.96484375,5902.3759765625,5902.3759765625,401184200
^JKSE,2026-06-10 17:00:00,5899.26513671875,6010.48779296875,5784.505859375,5886.0322265625,5886.0322265625,241605500
^JKSE,2026-06-11 17:00:00,5960.4150390625,6074.07177734375,5952.85205078125,6007.65576171875,6007.65576171875,324098600
^JKSE,2026-06-14 17:00:00,6118.72509765625,6345.798828125,6118.076171875,6254.9658203125,6254.9658203125,471692100
^JKSE,2026-06-16 17:00:00,6321.9609375,6377.18994140625,6179.666015625,6220.740234375,6220.740234375,274699900
^JKSE,2026-06-17 17:00:00,6191.89111328125,6197.1708984375,6073.72412109375,6172.33984375,6172.33984375,215751200
^JKSE,2026-06-18 17:00:00,6161.4560546875,6215.06298828125,6117.30908203125,6177.13916015625,6177.13916015625,266832600
^JKSE,2026-06-21 17:00:00,6217.048828125,6226.716796875,6052.93701171875,6116.68994140625,6116.68994140625,180410600
^JKSE,2026-06-22 17:00:00,6096.4990234375,6121.77490234375,5993.037109375,6101.3330078125,6101.3330078125,198230600
^JKSE,2026-06-23 17:00:00,6128.27099609375,6171.3798828125,5876.93408203125,5883.880859375,5883.880859375,228307800
^JKSE,2026-06-24 17:00:00,5873.06982421875,6056.2001953125,5864.00390625,5999.0380859375,5999.0380859375,187930400
^JKSE,2026-06-25 17:00:00,6010.3388671875,6045.2578125,5830.14404296875,5896.1337890625,5896.1337890625,171995200
^JKSE,2026-06-28 17:00:00,5932.02880859375,5942.77197265625,5800.2890625,5820.7900390625,5820.7900390625,117823200
^JKSE,2026-06-29 17:00:00,5801.4541015625,5811.6689453125,5638.57421875,5643.19384765625,5643.19384765625,177538200
^JKSE,2026-06-30 17:00:00,5640.61083984375,5737.73583984375,5607.451171875,5695.1162109375,5695.1162109375,157577500
^JKSE,2026-07-01 17:00:00,5709.841796875,5806.71484375,5704.4990234375,5744.55615234375,5744.55615234375,172862900
^JKSE,2026-07-02 17:00:00,5806.1669921875,5899.3017578125,5805.921875,5875.77978515625,5875.77978515625,158006000
^JKSE,2026-07-05 17:00:00,5893.28076171875,5935.68310546875,5857.35009765625,5916.06982421875,5916.06982421875,176040400
^JKSE,2026-07-06 17:00:00,5933.57421875,5987.01123046875,5890.44091796875,5986.4970703125,5986.4970703125,197234200
^JKSE,2026-07-07 17:00:00,5984.18212890625,5984.47314453125,5872.01611328125,5873.3720703125,5873.3720703125,186818300
^JKSE,2026-07-08 17:00:00,5865.76806640625,5912.44189453125,5839.6689453125,5912.44189453125,5912.44189453125,220556700
^JKSE,2026-07-09 17:00:00,5936.037109375,5949.9912109375,5887.8349609375,5924.35986328125,5924.35986328125,142216700
^JKSE,2026-07-12 17:00:00,5934.71923828125,6037.841796875,5898.14697265625,6037.841796875,6037.841796875,224210800
^JKSE,2026-07-13 17:00:00,6057.76123046875,6095.01611328125,6002.90087890625,6039.52099609375,6039.52099609375,252906400
^JKSE,2026-07-14 17:00:00,6068.0322265625,6081.22802734375,6007.1728515625,6041.97216796875,6041.97216796875,187169500
^JKSE,2026-07-15 17:00:00,6056.74609375,6108.208984375,6024.35400390625,6108.208984375,6108.208984375,235078700
^JKSE,2026-07-16 17:00:00,6112.841796875,6192.658203125,6079.31787109375,6175.53515625,6175.53515625,205704000
^JKSE,2026-07-19 17:00:00,6197.47607421875,6249.90283203125,6191.0419921875,6231.77978515625,6231.77978515625,282256800
^JKSE,2026-07-20 17:00:00,6273.57080078125,6340.02001953125,6247.35302734375,6340.02001953125,6340.02001953125,441307800
^JKSE,2026-07-21 17:00:00,6366.01220703125,6394.68603515625,6284.8818359375,6334.47607421875,6334.47607421875,422793200
^JKSE,2026-07-22 17:00:00,6346.6162109375,6454.30908203125,6306.64599609375,6315.31103515625,6315.31103515625,570639300
^JKSE,2026-07-23 17:00:00,6266.97509765625,6268.5341796875,6159.14501953125,6196.43017578125,6196.43017578125,330175800
^JKSE,2026-07-26 17:00:00,6185.798828125,6219.41796875,6144.27392578125,6185.783203125,6185.783203125,241884600
^JKSE,2026-07-27 17:00:00,6175.1982421875,6199.43994140625,6130.587890625,6130.587890625,6130.587890625,198014300
^JKSE,2026-07-28 17:00:00,6141.162109375,6174.4130859375,6029.32421875,6091.38623046875,6091.38623046875,288519700
^JKSE,2026-07-29 17:00:00,6110.283203125,6186.36279296875,6106.5458984375,6186.36279296875,6186.36279296875,231176100
^JKSE,2026-07-30 17:00:00,6219.623046875,6236.615234375,6201.89404296875,6236.1259765625,6236.1259765625,274629600
^JKSE,2026-08-02 17:00:00,6272.6171875,6273.326171875,6212.55078125,6234.4970703125,6234.4970703125,347512800
^JKSE,2026-08-03 17:00:00,6254.77978515625,6319.61279296875,6238.39892578125,6319.61279296875,6319.61279296875,291916500
^JKSE,2026-08-04 17:00:00,6338.5908203125,6367.82080078125,6316.10302734375,6351.13916015625,6351.13916015625,350837500
^JKSE,2026-08-05 17:00:00,6379.91796875,6388.2041015625,6324.06103515625,6343.7109375,6343.7109375,506076700
^JKSE,2026-08-06 17:00:00,6352.3759765625,6409.65380859375,6347.42919921875,6409.65380859375,6409.65380859375,335303800
^JKSE,2026-08-09 17:00:00,6440.59716796875,6462.73779296875,6362.7578125,6365.3740234375,6365.3740234375,395862600
^JKSE,2026-08-10 17:00:00,6383.81005859375,6388.5810546875,6230.09716796875,6267.8798828125,6267.8798828125,324921400
^JKSE,2026-08-11 17:00:00,6277.76318359375,6373.84912109375,6272.30322265625,6373.84912109375,6373.84912109375,294722600
^JKSE,2026-08-12 17:00:00,6388.23388671875,6390.3291015625,6281.57177734375,6301.76513671875,6301.76513671875,236598700
^JKSE,2026-08-13 17:00:00,6296.5927734375,6401.88818359375,6267.4072265625,6401.88818359375,6401.88818359375,226720200
^JKSE,2026-08-17 17:00:00,6448.828125,6490.64892578125,6448.26416015625,6449.830078125,6449.830078125,288255000
^JKSE,2026-08-18 17:00:00,6408.1767578125,6490.9130859375,6373.81005859375,6394.125,6394.125,295308900
^JKSE,2026-08-19 17:00:00,6447.25,6514.67822265625,6444.39501953125,6501.5849609375,6501.5849609375,349455200
^JKSE,2026-08-20 17:00:00,6524.0751953125,6551.95703125,6507.43408203125,6525.68994140625,6525.68994140625,378269100
^JKSE,2026-08-23 17:00:00,6544.001953125,6551.0029296875,6474.57177734375,6501.6669921875,6501.6669921875,296534200
^JKSE,2026-08-25 17:00:00,6507.14208984375,6532.1708984375,6405.68505859375,6405.68505859375,6405.68505859375,329574600
^JKSE,2026-08-26 17:00:00,6390.35302734375,6521.75,6376.65380859375,6521.75,6521.75,282061000
^JKSE,2026-08-27 17:00:00,6535.71923828125,6566.90478515625,6495.73681640625,6518.12109375,6518.12109375,266064500
^JKSE,2026-08-30 17:00:00,6511.10595703125,6528.09912109375,6476.1748046875,6525.47802734375,6525.47802734375,389387600
^JKSE,2026-08-31 17:00:00,6538.123046875,6608.18310546875,6535.796875,6599.94287109375,6599.94287109375,418545000
^JKSE,2026-09-01 17:00:00,6625.39306640625,6629.54296875,6561.0029296875,6595.77587890625,6595.77587890625,331276500
^JKSE,2026-09-02 17:00:00,6632.828125,6681.837890625,6614.7138671875,6667.89111328125,6667.89111328125,373613100
^JKSE,2026-09-03 17:00:00,6695.69482421875,6704.125,6633.9150390625,6636.47509765625,6636.47509765625,278246600
^JKSE,2026-09-06 17:00:00,6652.0908203125,6667.7529296875,6610.93310546875,6619.6728515625,6619.6728515625,302047400
^JKSE,2026-09-07 17:00:00,6639.51123046875,6696.283203125,6636.93603515625,6686.44189453125,6686.44189453125,326049000
^JKSE,2026-09-08 17:00:00,6700.8388671875,6707.30517578125,6642.15283203125,6678.201171875,6678.201171875,287063700
^JKSE,2026-09-09 17:00:00,6688.1748046875,6712.501953125,6585.56298828125,6589.337890625,6589.337890625,403016100
^JKSE,2026-09-10 17:00:00,6552.7919921875,6552.7919921875,6462.9599609375,6541.376953125,6541.376953125,266825300
^JKSE,2026-09-13 17:00:00,6533.8681640625,6550.0,6371.39501953125,6534.69287109375,6534.69287109375,306250700
^JKSE,2026-09-14 17:00:00,6544.77392578125,6549.60400390625,6461.01416015625,6461.15283203125,6461.15283203125,236697900
^JKSE,2026-09-15 17:00:00,6453.9140625,6535.4599609375,6436.85302734375,6436.85302734375,6436.85302734375,222552300
^JKSE,2026-09-16 17:00:00,6455.03076171875,6500.4072265625,6418.1279296875,6462.43115234375,6462.43115234375,246532800
^JKSE,2026-09-17 17:00:00,6512.56884765625,6521.02099609375,6419.4951171875,6441.1591796875,6441.1591796875,283004400
^JKSE,2026-09-20 17:00:00,6446.89599609375,6451.33203125,6381.56982421875,6384.72607421875,6384.72607421875,232135300
^JKSE,2026-09-21 17:00:00,6392.3349609375,6423.837890625,6258.43603515625,6277.0439453125,6277.0439453125,292579800
^JKSE,2026-09-22 17:00:00,6297.955078125,6380.166015625,6253.73583984375,6374.912109375,6374.912109375,273797800
^JKSE,2026-09-23 17:00:00,6364.97607421875,6368.5732421875,6287.4560546875,6298.60693359375,6298.60693359375,230443500
^JKSE,2026-09-24 17:00:00,6315.5341796875,6328.4130859375,6231.8330078125,6241.89208984375,6241.89208984375,238522200
^JKSE,2026-09-27 17:00:00,6209.74609375,6227.89892578125,6140.341796875,6147.85888671875,6147.85888671875,287430500
^JKSE,2026-09-28 17:00:00,6118.80615234375,6150.5517578125,6013.0791015625,6121.7001953125,6121.7001953125,340052700
^JKSE,2026-09-29 17:00:00,6118.0478515625,6187.0458984375,6071.13818359375,6071.13818359375,6071.13818359375,267762500
^JKSE,2026-09-30 17:00:00,6062.89404296875,6095.23388671875,5973.1630859375,6009.501953125,6009.501953125,293469300
^JKSE,2026-10-01 17:00:00,6018.0810546875,6053.23583984375,5979.98291015625,6036.88818359375,6036.88818359375,1155071900
^KLSE,2026-05-10 16:00:00,1754.0,1754.0,1744.989990234375,1745.31005859375,1745.31005859375,208709200
^KLSE,2026-05-11 16:00:00,1748.449951171875,1755.5400390625,1748.449951171875,1750.56005859375,1750.56005859375,188430600
^KLSE,2026-05-12 16:00:00,1750.6600341796875,1752.6400146484375,1742.4100341796875,1746.31005859375,1746.31005859375,260399300
^KLSE,2026-05-13 16:00:00,1749.0999755859375,1750.6300048828125,1740.3499755859375,1745.5799560546875,1745.5799560546875,204773300
^KLSE,2026-05-14 16:00:00,1747.68994140625,1748.8499755859375,1735.510009765625,1740.219970703125,1740.219970703125,238475000
^KLSE,2026-05-17 16:00:00,1741.93994140625,1742.5999755859375,1727.7099609375,1727.7099609375,1727.7099609375,162894000
^KLSE,2026-05-18 16:00:00,1732.8800048828125,1734.3199462890625,1726.1300048828125,1727.27001953125,1727.27001953125,216543600
^KLSE,2026-05-19 16:00:00,1726.93994140625,1727.5,1716.469970703125,1717.68994140625,1717.68994140625,263063300
^KLSE,2026-05-20 16:00:00,1721.4300537109375,1722.5,1708.3599853515625,1708.3599853515625,1708.3599853515625,266698400
^KLSE,2026-05-21 16:00:00,1711.7099609375,1715.7099609375,1710.300048828125,1712.6700439453125,1712.6700439453125,237529500
^KLSE,2026-05-24 16:00:00,1711.4300537109375,1713.5,1705.93994140625,1708.5,1708.5,268009400
^KLSE,2026-05-25 16:00:00,1706.77001953125,1707.52001953125,1696.1400146484375,1699.02001953125,1699.02001953125,302403900
^KLSE,2026-05-27 16:00:00,1706.8299560546875,1707.9100341796875,1683.0799560546875,1684.9300537109375,1684.9300537109375,372644800
^KLSE,2026-05-28 16:00:00,1688.1800537109375,1694.6500244140625,1680.5899658203125,1683.0699462890625,1683.0699462890625,1664465000
^KLSE,2026-05-31 16:00:00,1688.1800537109375,1694.6500244140625,1680.5899658203125,1683.0699462890625,1683.0699462890625,1664465000
^KLSE,2026-06-01 16:00:00,1688.1800537109375,1694.6500244140625,1680.5899658203125,1683.0699462890625,1683.0699462890625,1664465000
^KLSE,2026-06-02 16:00:00,1687.1300048828125,1693.0899658203125,1672.739990234375,1672.739990234375,1672.739990234375,416284100
^KLSE,2026-06-03 16:00:00,1674.489990234375,1689.8299560546875,1673.699951171875,1683.260009765625,1683.260009765625,276628500
^KLSE,2026-06-04 16:00:00,1686.449951171875,1698.530029296875,1684.3599853515625,1693.4300537109375,1693.4300537109375,238758500
^KLSE,2026-06-07 16:00:00,1683.5400390625,1684.1400146484375,1676.949951171875,1679.52001953125,1679.52001953125,179400500
^KLSE,2026-06-08 16:00:00,1687.9300537109375,1687.9300537109375,1675.0400390625,1675.5,1675.5,202763800
^KLSE,2026-06-09 16:00:00,1676.050048828125,1684.219970703125,1673.6400146484375,1678.9599609375,1678.9599609375,209712400
^KLSE,2026-06-10 16:00:00,1677.3800048828125,1680.530029296875,1674.6500244140625,1679.530029296875,1679.530029296875,221709700
^KLSE,2026-06-11 16:00:00,1684.8699951171875,1685.3900146484375,1679.719970703125,1683.6300048828125,1683.6300048828125,132982400
^KLSE,2026-06-14 16:00:00,1690.3900146484375,1697.47998046875,1688.0400390625,1691.3900146484375,1691.3900146484375,286494100
^KLSE,2026-06-15 16:00:00,1691.3199462890625,1711.199951171875,1685.5699462890625,1709.989990234375,1709.989990234375,290148200
^KLSE,2026-06-17 16:00:00,1722.3499755859375,1722.6300048828125,1711.31005859375,1711.3900146484375,1711.3900146484375,275773000
^KLSE,2026-06-18 16:00:00,1704.0400390625,1712.030029296875,1699.1800537109375,1712.030029296875,1712.030029296875,324539100
^KLSE,2026-06-21 16:00:00,1710.469970703125,1712.3199462890625,1699.93994140625,1700.8399658203125,1700.8399658203125,151899100
^KLSE,2026-06-22 16:00:00,1703.0999755859375,1703.0999755859375,1679.9200439453125,1679.9200439453125,1679.9200439453125,225825300
^KLSE,2026-06-23 16:00:00,1682.030029296875,1690.6600341796875,1680.489990234375,1682.1300048828125,1682.1300048828125,154710400
^KLSE,2026-06-24 16:00:00,1684.449951171875,1685.1700439453125,1663.8199462890625,1663.8199462890625,1663.8199462890625,216714100
^KLSE,2026-06-25 16:00:00,1664.5,1668.75,1659.739990234375,1667.739990234375,1667.739990234375,173707600
^KLSE,2026-06-28 16:00:00,1668.780029296875,1669.2099609375,1655.280029296875,1665.9100341796875,1665.9100341796875,154504400
^KLSE,2026-06-29 16:00:00,1667.280029296875,1669.8800048828125,1661.800048828125,1664.06005859375,1664.06005859375,240522700
^KLSE,2026-06-30 16:00:00,1665.3499755859375,1670.989990234375,1656.8299560546875,1656.8299560546875,1656.8299560546875,183116100
^KLSE,2026-07-01 16:00:00,1658.8199462890625,1666.260009765625,1657.77001953125,1661.8299560546875,1661.8299560546875,148273400
^KLSE,2026-07-02 16:00:00,1665.72998046875,1682.6199951171875,1662.9100341796875,1679.050048828125,1679.050048828125,165190600
^KLSE,2026-07-05 16:00:00,1682.4000244140625,1685.489990234375,1678.3699951171875,1683.530029296875,1683.530029296875,111882100
^KLSE,2026-07-06 16:00:00,1683.4200439453125,1684.18994140625,1676.93994140625,1682.9300537109375,1682.9300537109375,130880900
^KLSE,2026-07-07 16:00:00,1685.97998046875,1690.5699462890625,1679.300048828125,1683.6099853515625,1683.6099853515625,158043700
^KLSE,2026-07-08 16:00:00,1680.989990234375,1683.800048828125,1676.1800537109375,1677.6400146484375,1677.6400146484375,169270300
^KLSE,2026-07-09 16:00:00,1682.780029296875,1696.25,1682.780029296875,1691.489990234375,1691.489990234375,173519000
^KLSE,2026-07-12 16:00:00,1693.300048828125,1703.0999755859375,1685.739990234375,1698.43994140625,1698.43994140625,167312200
^KLSE,2026-07-13 16:00:00,1699.68994140625,1719.93994140625,1698.2099609375,1719.93994140625,1719.93994140625,202644700
^KLSE,2026-07-14 16:00:00,1720.6600341796875,1724.8299560546875,1712.8800048828125,1713.760009765625,1713.760009765625,175219300
^KLSE,2026-07-15 16:00:00,1716.760009765625,1726.75,1716.760009765625,1722.18994140625,1722.18994140625,195577300
^KLSE,2026-07-16 16:00:00,1719.8599853515625,1735.6700439453125,1719.56005859375,1731.449951171875,1731.449951171875,217428700
^KLSE,2026-07-19 16:00:00,1732.6500244140625,1733.760009765625,1720.050048828125,1722.2900390625,1722.2900390625,128070000
^KLSE,2026-07-20 16:00:00,1725.6199951171875,1726.8800048828125,1712.6600341796875,1720.3699951171875,1720.3699951171875,137841400
^KLSE,2026-07-21 16:00:00,1719.8399658203125,1721.31005859375,1709.1500244140625,1711.3699951171875,1711.3699951171875,164288900
^KLSE,2026-07-22 16:00:00,1714.3800048828125,1716.4300537109375,1709.050048828125,1714.5899658203125,1714.5899658203125,145824600
^KLSE,2026-07-23 16:00:00,1710.449951171875,1710.800048828125,1697.760009765625,1701.02001953125,1701.02001953125,177175300
^KLSE,2026-07-26 16:00:00,1703.6500244140625,1718.31005859375,1702.3499755859375,1713.0899658203125,1713.0899658203125,147159100
^KLSE,2026-07-27 16:00:00,1711.949951171875,1715.02001953125,1703.8299560546875,1712.47998046875,1712.47998046875,179145100
^KLSE,2026-07-28 16:00:00,1714.3900146484375,1720.5899658203125,1710.7900390625,1715.56005859375,1715.56005859375,169118100
^KLSE,2026-07-29 16:00:00,1714.4200439453125,1720.4000244140625,1710.68994140625,1720.4000244140625,1720.4000244140625,160367000
^KLSE,2026-07-30 16:00:00,1721.22998046875,1730.1199951171875,1715.6700439453125,1724.9000244140625,1724.9000244140625,259179700
^KLSE,2026-08-02 16:00:00,1725.260009765625,1729.719970703125,1719.469970703125,1725.72998046875,1725.72998046875,165737800
^KLSE,2026-08-03 16:00:00,1725.93994140625,1732.6600341796875,1722.780029296875,1732.6600341796875,1732.6600341796875,202130300
^KLSE,2026-08-04 16:00:00,1736.3599853515625,1750.4100341796875,1732.6800537109375,1748.1700439453125,1748.1700439453125,230534900
^KLSE,2026-08-05 16:00:00,1749.6500244140625,1749.6500244140625,1733.3800048828125,1737.1500244140625,1737.1500244140625,194527100
^KLSE,2026-08-06 16:00:00,1735.219970703125,1739.1400146484375,1729.3399658203125,1735.75,1735.75,273603000
^KLSE,2026-08-09 16:00:00,1735.8499755859375,1738.969970703125,1730.3499755859375,1735.3699951171875,1735.3699951171875,146489400
^KLSE,2026-08-10 16:00:00,1735.4100341796875,1738.2099609375,1725.47998046875,1731.4599609375,1731.4599609375,218536000
^KLSE,2026-08-11 16:00:00,1731.469970703125,1741.6099853515625,1728.6400146484375,1741.6099853515625,1741.6099853515625,261319500
^KLSE,2026-08-12 16:00:00,1742.7900390625,1742.7900390625,1732.8299560546875,1734.7099609375,1734.7099609375,213599500
^KLSE,2026-08-13 16:00:00,1734.719970703125,1734.719970703125,1726.77001953125,1727.3900146484375,1727.3900146484375,192296600
^KLSE,2026-08-16 16:00:00,1726.93994140625,1731.449951171875,1722.1600341796875,1725.8900146484375,1725.8900146484375,203394100
^KLSE,2026-08-17 16:00:00,1727.52001953125,1734.530029296875,1723.5999755859375,1733.3599853515625,1733.3599853515625,195809400
^KLSE,2026-08-18 16:00:00,1731.969970703125,1733.43994140625,1725.949951171875,1731.3199462890625,1731.3199462890625,179345200
^KLSE,2026-08-19 16:00:00,1732.1099853515625,1739.1300048828125,1732.1099853515625,1736.7099609375,1736.7099609375,305493900
^KLSE,2026-08-20 16:00:00,1736.0799560546875,1738.300048828125,1733.1300048828125,1736.47998046875,1736.47998046875,247093100
^KLSE,2026-08-23 16:00:00,1738.31005859375,1739.469970703125,1733.0699462890625,1736.3299560546875,1736.3299560546875,157036700
^KLSE,2026-08-25 16:00:00,1739.4000244140625,1753.219970703125,1735.699951171875,1748.5400390625,1748.5400390625,293766700
^KLSE,2026-08-26 16:00:00,1752.6600341796875,1752.81005859375,1739.760009765625,1741.719970703125,1741.719970703125,230943400
^KLSE,2026-08-27 16:00:00,1743.699951171875,1745.06005859375,1715.9100341796875,1725.8800048828125,1725.8800048828125,499594000
^KLSE,2026-08-31 16:00:00,1727.489990234375,1729.1700439453125,1697.8299560546875,1700.5400390625,1700.5400390625,319729100
^KLSE,2026-09-01 16:00:00,1700.9599609375,1709.7099609375,1695.8900146484375,1708.739990234375,1708.739990234375,222213900
^KLSE,2026-09-02 16:00:00,1711.1600341796875,1716.22998046875,1708.469970703125,1715.1300048828125,1715.1300048828125,233790100
^KLSE,2026-09-03 16:00:00,1713.739990234375,1715.199951171875,1704.8599853515625,1708.0999755859375,1708.0999755859375,171258000
^KLSE,2026-09-06 16:00:00,1709.699951171875,1715.2900390625,1708.260009765625,1714.7900390625,1714.7900390625,141165000
^KLSE,2026-09-07 16:00:00,1713.1400146484375,1714.5,1710.43994140625,1714.4000244140625,1714.4000244140625,195511200
^KLSE,2026-09-08 16:00:00,1715.4599609375,1718.52001953125,1710.3599853515625,1714.3399658203125,1714.3399658203125,273403100
^KLSE,2026-09-09 16:00:00,1712.699951171875,1713.0799560546875,1701.6800537109375,1705.52001953125,1705.52001953125,230008400
^KLSE,2026-09-10 16:00:00,1705.2900390625,1705.68994140625,1682.56005859375,1686.739990234375,1686.739990234375,215995700
^KLSE,2026-09-13 16:00:00,1686.6500244140625,1698.010009765625,1682.489990234375,1698.010009765625,1698.010009765625,187856300
^KLSE,2026-09-14 16:00:00,1694.9100341796875,1694.9100341796875,1678.06005859375,1679.2099609375,1679.2099609375,249030900
^KLSE,2026-09-16 16:00:00,1677.5,1684.9200439453125,1670.75,1674.739990234375,1674.739990234375,252843400
^KLSE,2026-09-17 16:00:00,1676.719970703125,1677.8299560546875,1661.7900390625,1665.56005859375,1665.56005859375,408080600
^KLSE,2026-09-20 16:00:00,1664.199951171875,1674.739990234375,1661.219970703125,1666.93994140625,1666.93994140625,185319800
^KLSE,2026-09-21 16:00:00,1669.739990234375,1684.3399658203125,1665.22998046875,1683.5,1683.5,250225500
^KLSE,2026-09-22 16:00:00,1682.18994140625,1685.3699951171875,1675.1500244140625,1676.4300537109375,1676.4300537109375,233555500
^KLSE,2026-09-23 16:00:00,1674.449951171875,1679.469970703125,1671.47998046875,1672.31005859375,1672.31005859375,230817500
^KLSE,2026-09-24 16:00:00,1674.8699951171875,1675.469970703125,1666.989990234375,1671.6199951171875,1671.6199951171875,174864300
^KLSE,2026-09-27 16:00:00,1672.550048828125,1674.1099853515625,1668.6099853515625,1670.02001953125,1670.02001953125,141231900
^KLSE,2026-09-28 16:00:00,1664.1099853515625,1665.3199462890625,1643.3599853515625,1643.9599609375,1643.9599609375,206047200
^KLSE,2026-09-29 16:00:00,1646.489990234375,1657.4100341796875,1645.030029296875,1651.1700439453125,1651.1700439453125,323505200
^KLSE,2026-09-30 16:00:00,1649.8699951171875,1649.8699951171875,1630.0999755859375,1630.3599853515625,1630.3599853515625,227090200
^KLSE,2026-10-01 16:00:00,1633.8699951171875,1640.780029296875,1630.6300048828125,1630.8699951171875,1630.8699951171875,161844900
^KS11,2026-05-07 15:00:00,7353.93994140625,7511.009765625,7318.9599609375,7498.0,7498.0,523100
^KS11,2026-05-10 15:00:00,7775.31005859375,7899.31982421875,7713.490234375,7822.240234375,7822.240234375,731300
^KS11,2026-05-11 15:00:00,7953.41015625,7999.669921875,7421.7099609375,7643.14990234375,7643.14990234375,1021100
^KS11,2026-05-12 15:00:00,7513.64990234375,7855.47021484375,7402.35986328125,7844.009765625,7844.009765625,738700
^KS11,2026-05-13 15:00:00,7873.91015625,7991.0400390625,7842.72021484375,7981.41015625,7981.41015625,849900
^KS11,2026-05-14 15:00:00,7951.75,8046.77978515625,7371.68017578125,7493.18017578125,7493.18017578125,885600
^KS11,2026-05-17 15:00:00,7443.2900390625,7636.2001953125,7142.7099609375,7516.0400390625,7516.0400390625,566600
^KS11,2026-05-18 15:00:00,7425.66015625,7446.56982421875,7141.91015625,7271.66015625,7271.66015625,533500
^KS11,2026-05-19 15:00:00,7324.52001953125,7324.52001953125,7053.83984375,7208.9501953125,7208.9501953125,492500
^KS11,2026-05-20 15:00:00,7486.3701171875,7819.22998046875,7486.3701171875,7815.58984375,7815.58984375,621100
^KS11,2026-05-21 15:00:00,7873.1201171875,7886.64013671875,7780.1298828125,7847.7099609375,7847.7099609375,435500
^KS11,2026-05-25 15:00:00,8070.91015625,8131.14990234375,8008.18994140625,8047.509765625,8047.509765625,519600
^KS11,2026-05-26 15:00:00,8242.1201171875,8457.08984375,8220.0400390625,8228.7001953125,8228.7001953125,619500
^KS11,2026-05-27 15:00:00,8165.72998046875,8253.599609375,7841.009765625,8185.2900390625,8185.2900390625,669000
^KS11,2026-05-28 15:00:00,8384.3095703125,8476.150390625,8273.740234375,8476.150390625,8476.150390625,735100
^KS11,2026-05-31 15:00:00,8485.669921875,8874.16015625,8485.669921875,8788.3798828125,8788.3798828125,636200
^KS11,2026-06-01 15:00:00,8883.1904296875,8933.6201171875,8503.1201171875,8801.490234375,8801.490234375,632600
^KS11,2026-06-03 15:00:00,8623.8203125,8759.0498046875,8577.2998046875,8639.41015625,8639.41015625,437900
^KS11,2026-06-04 15:00:00,8323.2001953125,8382.16015625,8038.10009765625,8160.58984375,8160.58984375,463200
^KS11,2026-06-07 15:00:00,8048.08984375,8048.08984375,7442.72998046875,7484.41015625,7484.41015625,452200
^KS11,2026-06-08 15:00:00,7697.759765625,8119.08984375,7598.8701171875,8096.93017578125,8096.93017578125,448500
^KS11,2026-06-09 15:00:00,7899.77001953125,7996.68017578125,7541.10986328125,7730.81982421875,7730.81982421875,460900
^KS11,2026-06-10 15:00:00,7509.6201171875,7800.6201171875,7394.4599609375,7763.9501953125,7763.9501953125,478700
^KS11,2026-06-11 15:00:00,8263.849609375,8434.400390625,8079.77001953125,8123.6201171875,8123.6201171875,493400
^KS11,2026-06-14 15:00:00,8526.1201171875,8603.48046875,8450.240234375,8545.98046875,8545.98046875,516600
^KS11,2026-06-15 15:00:00,8696.5498046875,8753.8203125,8540.41015625,8726.599609375,8726.599609375,586300
^KS11,2026-06-16 15:00:00,8622.1298828125,8872.1796875,8605.66015625,8864.240234375,8864.240234375,571200
^KS11,2026-06-17 15:00:00,8884.919921875,9106.0703125,8867.33984375,9063.83984375,9063.83984375,510900
^KS11,2026-06-18 15:00:00,9288.8896484375,9385.58984375,8831.7197265625,9052.419921875,9052.419921875,517200
^KS11,2026-06-21 15:00:00,8954.4296875,9253.0,8900.6796875,9114.5498046875,9114.5498046875,381100
^KS11,2026-06-22 15:00:00,9083.5400390625,9175.4501953125,8203.83984375,8203.83984375,8203.83984375,488700
^KS11,2026-06-23 15:00:00,8356.7900390625,8577.51953125,8080.990234375,8471.01953125,8471.01953125,418200
^KS11,2026-06-24 15:00:00,8703.419921875,9044.0400390625,8693.6201171875,8930.2998046875,8930.2998046875,456900
^KS11,2026-06-25 15:00:00,8813.1796875,8861.7001953125,8126.83984375,8411.2099609375,8411.2099609375,518500
^KS11,2026-06-28 15:00:00,8394.650390625,8394.650390625,8394.650390625,8394.650390625,8394.650390625,0
^KS11,2026-06-29 15:00:00,8416.7001953125,8667.73046875,8220.7998046875,8476.48046875,8476.48046875,449800
^KS11,2026-06-30 15:00:00,8591.5,8620.150390625,8143.330078125,8303.41015625,8303.41015625,468200
^KS11,2026-07-01 15:00:00,7933.10009765625,8136.27978515625,7616.330078125,7648.08984375,7648.08984375,505200
^KS11,2026-07-02 15:00:00,7739.75,8136.27978515625,7378.10009765625,8088.33984375,8088.33984375,465800
^KS11,2026-07-05 15:00:00,8186.81982421875,8327.259765625,7815.52978515625,8051.330078125,8051.330078125,448700
^KS11,2026-07-06 15:00:00,7919.2001953125,7954.5498046875,7389.22021484375,7656.31005859375,7656.31005859375,516400
^KS11,2026-07-07 15:00:00,7452.47998046875,7791.66015625,7186.2099609375,7246.7900390625,7246.7900390625,501100
^KS11,2026-07-08 15:00:00,7486.64013671875,7543.85986328125,7063.759765625,7291.91015625,7291.91015625,582800
^KS11,2026-07-09 15:00:00,7552.490234375,7704.93017578125,7429.509765625,7475.93994140625,7475.93994140625,453200
^KS11,2026-07-12 15:00:00,7412.02978515625,7529.06982421875,6783.43017578125,6806.93017578125,6806.93017578125,474100
^KS11,2026-07-13 15:00:00,6769.06005859375,6979.919921875,6448.85986328125,6856.830078125,6856.830078125,491600
^KS11,2026-07-14 15:00:00,7082.91015625,7424.18017578125,7082.91015625,7284.41015625,7284.41015625,397900
^KS11,2026-07-15 15:00:00,6960.5,6995.93017578125,6730.8701171875,6820.60009765625,6820.60009765625,424300
^KS11,2026-07-19 15:00:00,6643.580078125,6814.85986328125,6472.7998046875,6516.27001953125,6516.27001953125,345800
^KS11,2026-07-20 15:00:00,6553.8798828125,6836.85986328125,6429.02978515625,6747.9501953125,6747.9501953125,391100
^KS11,2026-07-21 15:00:00,7052.08984375,7166.0,6791.06005859375,6797.7001953125,6797.7001953125,373800
^KS11,2026-07-22 15:00:00,6963.35009765625,7108.43994140625,6892.64013671875,7096.89013671875,7096.89013671875,397300
^KS11,2026-07-23 15:00:00,7000.77978515625,7000.77978515625,6650.41015625,6690.6201171875,6690.6201171875,397700
^KS11,2026-07-26 15:00:00,6806.27001953125,6806.27001953125,6557.39013671875,6755.75,6755.75,275700
^KS11,2026-07-27 15:00:00,6400.27001953125,6413.56982421875,5992.91015625,6023.66015625,6023.66015625,331300
^KS11,2026-07-28 15:00:00,6089.10986328125,6228.52001953125,5262.77001953125,5663.240234375,5663.240234375,457400
^KS11,2026-07-29 15:00:00,5681.77001953125,5976.81982421875,5547.41015625,5593.56005859375,5593.56005859375,378900
^KS11,2026-07-30 15:00:00,5657.7900390625,6630.77001953125,5629.759765625,6595.4501953125,6595.4501953125,434400
^KS11,2026-08-02 15:00:00,6358.27001953125,6393.0,6223.2900390625,6257.4501953125,6257.4501953125,273000
^KS11,2026-08-03 15:00:00,6351.3798828125,6389.39990234375,6080.25,6358.9501953125,6358.9501953125,313000
^KS11,2026-08-04 15:00:00,6603.47998046875,6674.66015625,6540.27001953125,6598.259765625,6598.259765625,338500
^KS11,2026-08-05 15:00:00,6478.75,6550.93994140625,6238.31982421875,6296.3798828125,6296.3798828125,284500
^KS11,2026-08-06 15:00:00,6365.06982421875,6415.60009765625,6158.72998046875,6258.77001953125,6258.77001953125,299400
^KS11,2026-08-09 15:00:00,6306.330078125,6394.06005859375,6232.4501953125,6299.66015625,6299.66015625,293700
^KS11,2026-08-10 15:00:00,6240.06005859375,6405.81005859375,6213.77978515625,6345.52978515625,6345.52978515625,333500
^KS11,2026-08-11 15:00:00,6438.5,6668.43017578125,6413.5,6579.0400390625,6579.0400390625,360700
^KS11,2026-08-12 15:00:00,6773.919921875,6895.6298828125,6748.1298828125,6813.33984375,6813.33984375,418900
^KS11,2026-08-13 15:00:00,6995.669921875,7010.85986328125,6848.43017578125,6977.93994140625,6977.93994140625,332900
^KS11,2026-08-17 15:00:00,7127.77001953125,7216.6201171875,6788.77978515625,6869.830078125,6869.830078125,402700
^KS11,2026-08-18 15:00:00,6528.77001953125,6614.39013671875,6400.81005859375,6471.169921875,6471.169921875,305800
^KS11,2026-08-19 15:00:00,6680.33984375,6904.5498046875,6600.08984375,6852.580078125,6852.580078125,304500
^KS11,2026-08-20 15:00:00,6759.9501953125,6954.1201171875,6742.43994140625,6912.9501953125,6912.9501953125,408000
^KS11,2026-08-23 15:00:00,6881.06982421875,6884.56982421875,6656.06982421875,6696.9599609375,6696.9599609375,267700
^KS11,2026-08-24 15:00:00,6535.93017578125,6747.16015625,6408.81982421875,6742.740234375,6742.740234375,286800
^KS11,2026-08-25 15:00:00,6727.25,6887.18017578125,6704.10009765625,6808.2099609375,6808.2099609375,329400
^KS11,2026-08-26 15:00:00,6996.1201171875,6996.1201171875,6841.8798828125,6912.3701171875,6912.3701171875,268500
^KS11,2026-08-27 15:00:00,6846.5400390625,6901.77978515625,6780.1298828125,6788.8798828125,6788.8798828125,292600
^KS11,2026-08-30 15:00:00,6613.580078125,6820.10009765625,6547.759765625,6820.02001953125,6820.02001953125,364300
^KS11,2026-08-31 15:00:00,6784.2900390625,6857.35009765625,6732.47021484375,6835.7998046875,6835.7998046875,273600
^KS11,2026-09-01 15:00:00,6625.47021484375,6694.56982421875,6558.2998046875,6562.72021484375,6562.72021484375,324100
^KS11,2026-09-02 15:00:00,6650.330078125,6682.97021484375,6439.490234375,6579.47998046875,6579.47998046875,433500
^KS11,2026-09-03 15:00:00,6654.35986328125,6746.14013671875,6632.77001953125,6687.2099609375,6687.2099609375,238200
^KS11,2026-09-06 15:00:00,6910.77978515625,6995.39990234375,6867.91015625,6995.39013671875,6995.39013671875,240400
^KS11,2026-09-07 15:00:00,7045.7900390625,7171.52001953125,6951.77978515625,6954.52001953125,6954.52001953125,335200
^KS11,2026-09-08 15:00:00,6972.8701171875,7112.47998046875,6968.06005859375,7051.64013671875,7051.64013671875,322200
^KS11,2026-09-09 15:00:00,7038.85009765625,7072.7900390625,6898.4501953125,7033.919921875,7033.919921875,422600
^KS11,2026-09-10 15:00:00,6802.5,6948.830078125,6802.5,6909.91015625,6909.91015625,268900
^KS11,2026-09-13 15:00:00,6692.60986328125,6773.97021484375,6654.81982421875,6684.3701171875,6684.3701171875,297200
^KS11,2026-09-14 15:00:00,6659.25,6715.4599609375,6582.2001953125,6627.259765625,6627.259765625,287900
^KS11,2026-09-15 15:00:00,6611.240234375,6717.97021484375,6598.8701171875,6717.97021484375,6717.97021484375,209100
^KS11,2026-09-16 15:00:00,6779.02001953125,6795.52978515625,6697.85009765625,6715.41015625,6715.41015625,221000
^KS11,2026-09-17 15:00:00,6885.7001953125,6914.080078125,6830.9501953125,6894.22998046875,6894.22998046875,346800
^KS11,2026-09-20 15:00:00,6938.33984375,7027.580078125,6938.33984375,7007.72021484375,7007.72021484375,246100
^KS11,2026-09-21 15:00:00,7161.60986328125,7171.43994140625,6986.27001953125,7017.91015625,7017.91015625,264300
^KS11,2026-09-22 15:00:00,7153.990234375,7153.990234375,7014.97998046875,7080.919921875,7080.919921875,237000
^KS11,2026-09-27 15:00:00,7057.85986328125,7065.89990234375,6889.68017578125,6889.740234375,6889.740234375,230000
^KS11,2026-09-28 15:00:00,6844.41015625,6898.35986328125,6782.990234375,6870.81005859375,6870.81005859375,221700
^KS11,2026-09-29 15:00:00,6943.47021484375,6965.64013671875,6818.39013671875,6838.0400390625,6838.0400390625,286000
^KS11,2026-09-30 15:00:00,6814.490234375,6971.35986328125,6765.06005859375,6971.35009765625,6971.35009765625,292300
^KS11,2026-10-01 15:00:00,6938.27001953125,7011.0400390625,6927.8798828125,7003.740234375,7003.740234375,239000
^N100,2026-05-17 22:00:00,1793.5799560546875,1803.6500244140625,1776.300048828125,1798.0400390625,1798.0400390625,313682000
^N100,2026-05-18 22:00:00,1798.260009765625,1813.530029296875,1796.0899658203125,1798.8499755859375,1798.8499755859375,263772500
^N100,2026-05-19 22:00:00,1798.800048828125,1842.260009765625,1797.8599853515625,1833.1700439453125,1833.1700439453125,298438800
^N100,2026-05-20 22:00:00,1831.3900146484375,1842.2099609375,1823.239990234375,1833.02001953125,1833.02001953125,346846000
^N100,2026-05-21 22:00:00,1835.5,1851.469970703125,1835.5,1847.0899658203125,1847.0899658203125,292249800
^N100,2026-05-24 22:00:00,1848.9300537109375,1874.6500244140625,1848.9300537109375,1872.02001953125,1872.02001953125,185804700
^N100,2026-05-25 22:00:00,1869.9100341796875,1869.9100341796875,1849.760009765625,1849.9100341796875,1849.9100341796875,226085200
^N100,2026-05-26 22:00:00,1849.5799560546875,1863.1700439453125,1842.1099853515625,1845.0,1845.0,302703900
^N100,2026-05-27 22:00:00,1844.469970703125,1847.8399658203125,1835.06005859375,1844.6400146484375,1844.6400146484375,248743300
^N100,2026-05-28 22:00:00,1845.6099853515625,1861.3599853515625,1843.6199951171875,1844.22998046875,1844.22998046875,772251100
^N100,2026-05-31 22:00:00,1843.7099609375,1847.9200439453125,1829.9300537109375,1840.6700439453125,1840.6700439453125,275563500
^N100,2026-06-01 22:00:00,1840.9200439453125,1863.5699462890625,1840.9200439453125,1863.06005859375,1863.06005859375,230119000
^N100,2026-06-02 22:00:00,1861.5899658203125,1863.6500244140625,1852.8199462890625,1854.4100341796875,1854.4100341796875,282560500
^N100,2026-06-03 22:00:00,1854.239990234375,1866.81005859375,1849.6700439453125,1866.800048828125,1866.800048828125,232919600
^N100,2026-06-04 22:00:00,1867.6199951171875,1869.5999755859375,1857.6400146484375,1857.699951171875,1857.699951171875,236935500
^N100,2026-06-07 22:00:00,1851.6099853515625,1889.800048828125,1833.6800537109375,1864.93994140625,1864.93994140625,609216400
^N100,2026-06-08 22:00:00,1864.6300048828125,1893.47998046875,1863.5400390625,1865.5899658203125,1865.5899658203125,463088600
^N100,2026-06-09 22:00:00,1865.989990234375,1876.300048828125,1849.8499755859375,1862.6400146484375,1862.6400146484375,410430800
^N100,2026-06-10 22:00:00,1862.530029296875,1893.4200439453125,1862.530029296875,1884.47998046875,1884.47998046875,366812300
^N100,2026-06-11 22:00:00,1886.7099609375,1916.4200439453125,1886.7099609375,1915.719970703125,1915.719970703125,535776400
^N100,2026-06-14 22:00:00,1917.6099853515625,1938.43994140625,1912.2900390625,1912.3299560546875,1912.3299560546875,431397100
^N100,2026-06-15 22:00:00,1913.2099609375,1926.5,1913.2099609375,1917.8900146484375,1917.8900146484375,428913800
^N100,2026-06-16 22:00:00,1918.06005859375,1929.4100341796875,1916.3599853515625,1929.3599853515625,1929.3599853515625,511242000
^N100,2026-06-17 22:00:00,1928.3499755859375,1936.6199951171875,1922.5699462890625,1930.8399658203125,1930.8399658203125,517405100
^N100,2026-06-18 22:00:00,1930.5,1936.239990234375,1926.6500244140625,1926.72998046875,1926.72998046875,798462300
^N100,2026-06-21 22:00:00,1927.4000244140625,1932.8699951171875,1922.06005859375,1925.8699951171875,1925.8699951171875,355030400
^N100,2026-06-22 22:00:00,1915.260009765625,1915.260009765625,1894.8800048828125,1900.969970703125,1900.969970703125,368868600
^N100,2026-06-23 22:00:00,1900.8499755859375,1905.25,1890.8900146484375,1899.030029296875,1899.030029296875,351874700
^N100,2026-06-24 22:00:00,1899.1099853515625,1916.469970703125,1898.6500244140625,1909.47998046875,1909.47998046875,374403700
^N100,2026-06-25 22:00:00,1909.1400146484375,1909.1400146484375,1884.8199462890625,1897.4100341796875,1897.4100341796875,314747000
^N100,2026-06-28 22:00:00,1898.5999755859375,1903.8199462890625,1891.010009765625,1900.93994140625,1900.93994140625,280006000
^N100,2026-06-29 22:00:00,1901.550048828125,1928.25,1901.550048828125,1926.27001953125,1926.27001953125,354326900
^N100,2026-06-30 22:00:00,1925.9100341796875,1925.9100341796875,1902.1300048828125,1906.27001953125,1906.27001953125,316852600
^N100,2026-07-01 22:00:00,1906.0799560546875,1933.0999755859375,1899.72998046875,1921.0899658203125,1921.0899658203125,389521800
^N100,2026-07-02 22:00:00,1921.52001953125,1940.8800048828125,1921.52001953125,1938.5,1938.5,278595000
^N100,2026-07-05 22:00:00,1939.030029296875,1944.469970703125,1927.050048828125,1934.3399658203125,1934.3399658203125,297449300
^N100,2026-07-06 22:00:00,1935.6300048828125,1937.1400146484375,1912.68994140625,1912.68994140625,1912.68994140625,325273700
^N100,2026-07-07 22:00:00,1912.02001953125,1913.1800537109375,1884.1700439453125,1892.1500244140625,1892.1500244140625,441410400
^N100,2026-07-08 22:00:00,1895.27001953125,1913.7099609375,1895.27001953125,1912.739990234375,1912.739990234375,299602200
^N100,2026-07-09 22:00:00,1913.469970703125,1913.469970703125,1899.239990234375,1907.8599853515625,1907.8599853515625,257750300
^N100,2026-07-12 22:00:00,1906.0899658203125,1911.8800048828125,1898.47998046875,1909.5799560546875,1909.5799560546875,262786500
^N100,2026-07-13 22:00:00,1907.050048828125,1916.56005859375,1894.81005859375,1914.0899658203125,1914.0899658203125,315296900
^N100,2026-07-14 22:00:00,1913.93994140625,1928.93994140625,1912.3900146484375,1915.0799560546875,1915.0799560546875,344634300
^N100,2026-07-15 22:00:00,1915.6199951171875,1920.5400390625,1896.4000244140625,1920.530029296875,1920.530029296875,295837600
^N100,2026-07-16 22:00:00,1917.9000244140625,1917.9000244140625,1893.43994140625,1905.3699951171875,1905.3699951171875,394295400
^N100,2026-07-19 22:00:00,1905.030029296875,1914.27001953125,1901.0799560546875,1901.780029296875,1901.780029296875,274618400
^N100,2026-07-20 22:00:00,1902.530029296875,1920.4200439453125,1902.530029296875,1920.3699951171875,1920.3699951171875,313759500
^N100,2026-07-21 22:00:00,1920.0,1936.22998046875,1913.1500244140625,1934.6500244140625,1934.6500244140625,347608300
^N100,2026-07-22 22:00:00,1934.31005859375,1935.02001953125,1907.1400146484375,1911.0899658203125,1911.0899658203125,356810400
^N100,2026-07-23 22:00:00,1910.510009765625,1921.3199462890625,1904.510009765625,1921.3199462890625,1921.3199462890625,291431600
^N100,2026-07-26 22:00:00,1923.3800048828125,1933.3199462890625,1904.97998046875,1905.0400390625,1905.0400390625,326420400
^N100,2026-07-27 22:00:00,1906.9200439453125,1911.4100341796875,1895.43994140625,1904.550048828125,1904.550048828125,365230400
^N100,2026-07-28 22:00:00,1905.3699951171875,1913.8800048828125,1893.0400390625,1899.8599853515625,1899.8599853515625,389410500
^N100,2026-07-29 22:00:00,1899.6300048828125,1926.280029296875,1898.0400390625,1921.6400146484375,1921.6400146484375,454893000
^N100,2026-07-30 22:00:00,1921.739990234375,1944.239990234375,1919.3199462890625,1925.7900390625,1925.7900390625,497924200
^N100,2026-08-02 22:00:00,1925.52001953125,1942.5999755859375,1925.52001953125,1939.22998046875,1939.22998046875,399971300
^N100,2026-08-03 22:00:00,1939.0699462890625,1958.52001953125,1939.0699462890625,1957.9300537109375,1957.9300537109375,408510500
^N100,2026-08-04 22:00:00,1958.7900390625,1968.4100341796875,1955.050048828125,1957.68994140625,1957.68994140625,336477500
^N100,2026-08-05 22:00:00,1958.56005859375,1972.77001953125,1958.56005859375,1965.6500244140625,1965.6500244140625,354511600
^N100,2026-08-06 22:00:00,1967.3199462890625,1980.199951171875,1967.1400146484375,1969.0999755859375,1969.0999755859375,324733900
^N100,2026-08-09 22:00:00,1968.9599609375,1979.3900146484375,1968.0799560546875,1972.8399658203125,1972.8399658203125,245516000
^N100,2026-08-10 22:00:00,1972.9100341796875,1984.5999755859375,1972.9100341796875,1976.969970703125,1976.969970703125,250768500
^N100,2026-08-11 22:00:00,1976.8399658203125,1984.1099853515625,1970.489990234375,1972.8599853515625,1972.8599853515625,299392300
^N100,2026-08-12 22:00:00,1973.1400146484375,1980.010009765625,1972.9100341796875,1974.93994140625,1974.93994140625,279201300
^N100,2026-08-13 22:00:00,1975.0799560546875,1977.5999755859375,1969.0,1969.8699951171875,1969.8699951171875,244091400
^N100,2026-08-16 22:00:00,1970.68994140625,1982.06005859375,1970.68994140625,1970.9100341796875,1970.9100341796875,247094700
^N100,2026-08-17 22:00:00,1971.0899658203125,1971.0899658203125,1949.5899658203125,1949.5899658203125,1949.5899658203125,303664200
^N100,2026-08-18 22:00:00,1951.77001953125,1956.31005859375,1938.3599853515625,1938.3800048828125,1938.3800048828125,325957200
^N100,2026-08-19 22:00:00,1938.43994140625,1942.6800537109375,1928.7099609375,1933.56005859375,1933.56005859375,280290900
^N100,2026-08-20 22:00:00,1933.5799560546875,1942.510009765625,1932.97998046875,1938.93994140625,1938.93994140625,291467500
^N100,2026-08-23 22:00:00,1938.699951171875,1940.0400390625,1929.75,1932.8699951171875,1932.8699951171875,242742900
^N100,2026-08-24 22:00:00,1933.469970703125,1942.8699951171875,1933.06005859375,1934.280029296875,1934.280029296875,250180300
^N100,2026-08-25 22:00:00,1934.4599609375,1943.3800048828125,1932.1300048828125,1937.010009765625,1937.010009765625,241030900
^N100,2026-08-26 22:00:00,1937.449951171875,1941.6099853515625,1910.280029296875,1912.9000244140625,1912.9000244140625,330919900
^N100,2026-08-27 22:00:00,1914.8800048828125,1930.06005859375,1914.8800048828125,1927.1600341796875,1927.1600341796875,272300900
^N100,2026-08-30 22:00:00,1927.699951171875,1933.22998046875,1915.31005859375,1915.31005859375,1915.31005859375,449149600
^N100,2026-08-31 22:00:00,1916.510009765625,1923.7900390625,1901.27001953125,1906.030029296875,1906.030029296875,325791900
^N100,2026-09-01 22:00:00,1905.93994140625,1910.06005859375,1894.8399658203125,1905.0400390625,1905.0400390625,319832300
^N100,2026-09-02 22:00:00,1904.6800537109375,1907.22998046875,1897.7099609375,1906.8199462890625,1906.8199462890625,311333500
^N100,2026-09-03 22:00:00,1907.43994140625,1913.989990234375,1902.8699951171875,1910.530029296875,1910.530029296875,274070900
^N100,2026-09-06 22:00:00,1910.4300537109375,1919.8299560546875,1909.0400390625,1917.0400390625,1917.0400390625,200347000
^N100,2026-09-07 22:00:00,1916.81005859375,1923.8199462890625,1908.2099609375,1921.1700439453125,1921.1700439453125,277547900
^N100,2026-09-08 22:00:00,1921.9200439453125,1921.9200439453125,1886.3699951171875,1896.68994140625,1896.68994140625,369371600
^N100,2026-09-09 22:00:00,1896.6300048828125,1901.77001953125,1884.0899658203125,1886.68994140625,1886.68994140625,294761200
^N100,2026-09-10 22:00:00,1888.43994140625,1909.0400390625,1888.43994140625,1901.510009765625,1901.510009765625,290701000
^N100,2026-09-13 22:00:00,1901.5999755859375,1901.5999755859375,1875.1199951171875,1879.449951171875,1879.449951171875,330404800
^N100,2026-09-14 22:00:00,1879.219970703125,1882.8199462890625,1864.1500244140625,1877.010009765625,1877.010009765625,309967800
^N100,2026-09-15 22:00:00,1877.6800537109375,1892.8299560546875,1877.6800537109375,1887.0799560546875,1887.0799560546875,325367000
^N100,2026-09-16 22:00:00,1891.81005859375,1903.239990234375,1891.0699462890625,1899.27001953125,1899.27001953125,339260200
^N100,2026-09-17 22:00:00,1897.510009765625,1900.8399658203125,1874.5,1881.1600341796875,1881.1600341796875,926393300
^N100,2026-09-20 22:00:00,1881.25,1902.300048828125,1881.25,1897.9100341796875,1897.9100341796875,272105900
^N100,2026-09-21 22:00:00,1898.2900390625,1908.31005859375,1893.2099609375,1901.18994140625,1901.18994140625,346078600
^N100,2026-09-22 22:00:00,1901.4300537109375,1910.699951171875,1891.9200439453125,1897.4300537109375,1897.4300537109375,297413300
^N100,2026-09-23 22:00:00,1896.9100341796875,1900.1199951171875,1886.1300048828125,1889.8800048828125,1889.8800048828125,317659000
^N100,2026-09-24 22:00:00,1890.93994140625,1904.699951171875,1890.93994140625,1895.3299560546875,1895.3299560546875,321595800
^N100,2026-09-27 22:00:00,1895.989990234375,1910.5799560546875,1893.81005859375,1897.3599853515625,1897.3599853515625,285826800
^N100,2026-09-28 22:00:00,1896.9100341796875,1909.4200439453125,1896.02001953125,1897.6300048828125,1897.6300048828125,306534400
^N100,2026-09-29 22:00:00,1897.31005859375,1907.1800537109375,1884.3699951171875,1884.9200439453125,1884.9200439453125,431187700
^N100,2026-09-30 22:00:00,1883.969970703125,1883.969970703125,1855.1199951171875,1857.5,1857.5,460263000
^N100,2026-10-01 22:00:00,1857.9300537109375,1880.2099609375,1857.9300537109375,1874.3800048828125,1874.3800048828125,468098200
^N225,2026-05-10 15:00:00,63203.44140625,63385.0390625,62380.62109375,62417.87890625,62417.87890625,202300000
^N225,2026-05-11 15:00:00,62618.71875,63218.51171875,62158.4296875,62742.5703125,62742.5703125,189200000
^N225,2026-05-12 15:00:00,62398.01953125,63347.91015625,62318.87109375,63272.109375,63272.109375,181000000
^N225,2026-05-13 15:00:00,63263.4609375,63799.3203125,62654.05078125,62654.05078125,62654.05078125,207700000
^N225,2026-05-14 15:00:00,62878.7109375,63235.76953125,60937.30078125,61409.2890625,61409.2890625,213900000
^N225,2026-05-17 15:00:00,61299.87109375,61478.55078125,60376.98046875,60815.94921875,60815.94921875,168100000
^N225,2026-05-18 15:00:00,61202.83984375,61456.30859375,60256.328125,60550.58984375,60550.58984375,175800000
^N225,2026-05-19 15:00:00,60567.26953125,60567.26953125,59292.25,59804.41015625,59804.41015625,182500000
^N225,2026-05-20 15:00:00,60374.83984375,62043.53125,60282.3515625,61684.140625,61684.140625,166600000
^N225,2026-05-21 15:00:00,61913.359375,63432.41015625,61842.55859375,63339.0703125,63339.0703125,158800000
^N225,2026-05-24 15:00:00,63658.94921875,65408.87109375,63562.51171875,65158.19140625,65158.19140625,161100000
^N225,2026-05-25 15:00:00,65247.23828125,65317.69140625,64605.69140625,64996.08984375,64996.08984375,157200000
^N225,2026-05-26 15:00:00,65777.8671875,66428.8125,64999.41015625,64999.41015625,64999.41015625,163500000
^N225,2026-05-27 15:00:00,64770.76171875,65165.75,63875.0390625,64693.12109375,64693.12109375,176600000
^N225,2026-05-28 15:00:00,65133.96875,66505.0234375,65133.96875,66329.5,66329.5,295100000
^N225,2026-05-31 15:00:00,66363.4296875,67231.28125,66244.84375,66934.328125,66934.328125,189500000
^N225,2026-06-01 15:00:00,66629.6015625,66748.0625,65551.1328125,66734.2421875,66734.2421875,187700000
^N225,2026-06-02 15:00:00,67238.53125,68786.4921875,67238.53125,68402.1328125,68402.1328125,170700000
^N225,2026-06-03 15:00:00,67860.84375,68051.9375,66920.796875,67470.6875,67470.6875,152700000
^N225,2026-06-04 15:00:00,67115.0,67115.0,65862.2109375,66588.1171875,66588.1171875,148100000
^N225,2026-06-07 15:00:00,65947.5625,66115.1796875,63406.66015625,64024.6015625,64024.6015625,179500000
^N225,2026-06-08 15:00:00,64625.26171875,65485.16015625,63918.9609375,65416.62890625,65416.62890625,168100000
^N225,2026-06-09 15:00:00,64952.37890625,65098.859375,63733.0390625,64179.26953125,64179.26953125,171300000
^N225,2026-06-10 15:00:00,63329.171875,64395.5,62335.75,64217.26953125,64217.26953125,171100000
^N225,2026-06-11 15:00:00,65176.23046875,67065.9375,64998.109375,66020.0390625,66020.0390625,190600000
^N225,2026-06-14 15:00:00,66783.21875,69682.2265625,66783.21875,69317.5,69317.5,168300000
^N225,2026-06-15 15:00:00,69288.90625,70020.6796875,69095.671875,69404.5,69404.5,153800000
^N225,2026-06-16 15:00:00,69005.8828125,70125.75,68985.6328125,69902.25,69902.25,144300000
^N225,2026-06-17 15:00:00,70163.7109375,71398.578125,70092.9375,71053.4921875,71053.4921875,156700000
^N225,2026-06-18 15:00:00,71551.03125,71952.9921875,70517.9765625,71250.0625,71250.0625,214400000
^N225,2026-06-21 15:00:00,71067.1484375,72831.7265625,71009.5234375,72353.9609375,72353.9609375,133200000
^N225,2026-06-22 15:00:00,72404.3671875,72618.4375,69788.3828125,69788.3828125,69788.3828125,172300000
^N225,2026-06-23 15:00:00,69615.078125,70218.7109375,68461.1015625,69174.96875,69174.96875,153900000
^N225,2026-06-24 15:00:00,70114.09375,72594.21875,69982.671875,72366.34375,72366.34375,151000000
^N225,2026-06-25 15:00:00,71587.7109375,71786.28125,68639.84375,69360.8828125,69360.8828125,156900000
^N225,2026-06-28 15:00:00,69609.8828125,69609.8828125,67997.5703125,69468.109375,69468.109375,182400000
^N225,2026-06-29 15:00:00,70085.6015625,70667.0,69302.1875,70062.3203125,70062.3203125,160500000
^N225,2026-06-30 15:00:00,70774.28125,71962.34375,70126.140625,70474.9609375,70474.9609375,163400000
^N225,2026-07-01 15:00:00,70039.890625,70081.390625,68676.2578125,68733.1484375,68733.1484375,169900000
^N225,2026-07-02 15:00:00,68676.0625,69788.03125,67609.4921875,69744.0703125,69744.0703125,159300000
^N225,2026-07-05 15:00:00,69973.34375,70384.59375,68904.40625,69737.6875,69737.6875,135400000
^N225,2026-07-06 15:00:00,69460.078125,69957.5078125,68003.921875,68256.9609375,68256.9609375,175000000
^N225,2026-07-07 15:00:00,67704.15625,68432.6796875,66819.046875,66819.046875,66819.046875,168900000
^N225,2026-07-08 15:00:00,67046.3671875,68447.890625,67008.890625,67743.8515625,67743.8515625,136400000
^N225,2026-07-09 15:00:00,68526.71875,69374.859375,68271.90625,68557.7265625,68557.7265625,154400000
^N225,2026-07-12 15:00:00,68410.6328125,69078.2109375,66653.109375,67242.7265625,67242.7265625,137100000
^N225,2026-07-13 15:00:00,67002.9375,67800.1796875,66268.6015625,67743.5,67743.5,168500000
^N225,2026-07-14 15:00:00,67989.7421875,68798.2421875,67833.171875,68751.5078125,68751.5078125,147400000
^N225,2026-07-15 15:00:00,67900.4296875,68069.8203125,66499.4921875,66835.5390625,66835.5390625,148900000
^N225,2026-07-16 15:00:00,66339.8515625,66441.7734375,62704.6015625,64141.12109375,64141.12109375,194200000
^N225,2026-07-20 15:00:00,64544.05078125,66232.1875,64203.46875,66232.1875,66232.1875,164400000
^N225,2026-07-21 15:00:00,66449.2734375,67592.203125,65955.6015625,66115.6015625,66115.6015625,155300000
^N225,2026-07-22 15:00:00,66421.0078125,67022.3671875,66208.65625,66422.6015625,66422.6015625,135300000
^N225,2026-07-23 15:00:00,65584.25,65720.8125,64201.03125,64611.1484375,64611.1484375,135400000
^N225,2026-07-26 15:00:00,65164.98046875,65220.69140625,64123.3984375,64931.19140625,64931.19140625,160800000
^N225,2026-07-27 15:00:00,64539.921875,64573.1796875,61923.6015625,62364.921875,62364.921875,187000000
^N225,2026-07-28 15:00:00,62734.6796875,63138.0390625,60448.8984375,61434.19140625,61434.19140625,264100000
^N225,2026-07-29 15:00:00,61258.33984375,62924.83984375,61049.69921875,61867.4296875,61867.4296875,213700000
^N225,2026-07-30 15:00:00,61957.1015625,65364.73046875,61948.23046875,64362.01953125,64362.01953125,228400000
^N225,2026-08-02 15:00:00,63834.94921875,63905.12109375,62703.46875,63754.8984375,63754.8984375,202700000
^N225,2026-08-03 15:00:00,63995.28125,64240.5,62864.4296875,63957.53125,63957.53125,191800000
^N225,2026-08-04 15:00:00,64565.26953125,66302.5234375,64555.51953125,66300.4375,66300.4375,202400000
^N225,2026-08-05 15:00:00,65896.0,65983.1328125,64942.0703125,65683.2578125,65683.2578125,191500000
^N225,2026-08-06 15:00:00,65746.1328125,65990.71875,64651.48828125,65606.7109375,65606.7109375,205400000
^N225,2026-08-09 15:00:00,65905.1015625,67006.84375,65848.578125,66970.21875,66970.21875,164400000
^N225,2026-08-11 15:00:00,66994.046875,67569.359375,66735.7578125,67524.0625,67524.0625,170600000
^N225,2026-08-12 15:00:00,68033.171875,68799.7109375,68006.171875,68308.59375,68308.59375,169100000
^N225,2026-08-13 15:00:00,68811.171875,69608.2421875,68471.1484375,68713.796875,68713.796875,170600000
^N225,2026-08-16 15:00:00,68882.0625,69225.5703125,68492.0390625,69220.25,69220.25,142200000
^N225,2026-08-17 15:00:00,68847.3515625,69093.203125,67368.9609375,67460.7265625,67460.7265625,151200000
^N225,2026-08-18 15:00:00,66812.2734375,66833.5078125,65133.98046875,65326.421875,65326.421875,176600000
^N225,2026-08-19 15:00:00,65732.7890625,66325.3203125,65652.25,66216.7890625,66216.7890625,158400000
^N225,2026-08-20 15:00:00,65427.69140625,66125.8828125,65260.21875,66016.359375,66016.359375,160000000
^N225,2026-08-23 15:00:00,65978.953125,66257.7265625,65470.94921875,65528.08984375,65528.08984375,128200000
^N225,2026-08-24 15:00:00,65195.26171875,65904.2421875,64609.46875,65856.4296875,65856.4296875,131200000
^N225,2026-08-25 15:00:00,65604.4921875,66442.34375,65390.55078125,66262.15625,66262.15625,129500000
^N225,2026-08-26 15:00:00,66775.78125,66954.6875,65782.59375,66131.9765625,66131.9765625,133500000
^N225,2026-08-27 15:00:00,66104.4921875,66842.8203125,66012.203125,66405.5625,66405.5625,147000000
^N225,2026-08-30 15:00:00,65668.5078125,66311.9296875,64832.1015625,66311.9296875,66311.9296875,185700000
^N225,2026-08-31 15:00:00,65885.46875,66525.703125,65576.609375,66215.34375,66215.34375,158600000
^N225,2026-09-01 15:00:00,65195.4296875,65195.4296875,64215.46875,64325.640625,64325.640625,172500000
^N225,2026-09-02 15:00:00,64724.80859375,64724.80859375,63772.80078125,64214.48046875,64214.48046875,154100000
^N225,2026-09-03 15:00:00,64498.94140625,65182.44921875,64228.46875,65020.94140625,65020.94140625,155800000
^N225,2026-09-06 15:00:00,65600.421875,66668.7109375,65600.421875,66399.84375,66399.84375,141300000
^N225,2026-09-07 15:00:00,65843.6875,66791.84375,65269.328125,65269.328125,65269.328125,148400000
^N225,2026-09-08 15:00:00,65087.21875,65794.03125,65017.6796875,65142.78125,65142.78125,164300000
^N225,2026-09-09 15:00:00,64768.53125,65270.94921875,64186.6796875,65270.94921875,65270.94921875,153400000
^N225,2026-09-10 15:00:00,64276.8203125,64312.01953125,63208.62890625,64011.33984375,64011.33984375,168000000
^N225,2026-09-13 15:00:00,63659.53125,63691.53125,62726.1796875,63492.98828125,63492.98828125,135800000
^N225,2026-09-14 15:00:00,63190.37109375,64101.0,63067.1796875,63484.1015625,63484.1015625,135000000
^N225,2026-09-15 15:00:00,63672.12890625,63923.0,63209.921875,63923.0,63923.0,124200000
^N225,2026-09-16 15:00:00,64643.578125,64643.578125,63824.55859375,64136.25,64136.25,133400000
^N225,2026-09-17 15:00:00,64681.55078125,65436.5703125,64403.8515625,65018.94921875,65018.94921875,197700000
^N225,2026-09-23 15:00:00,65476.44140625,66249.109375,65407.37109375,65513.98828125,65513.98828125,175000000
^N225,2026-09-24 15:00:00,65639.6171875,66410.2734375,65639.6171875,66364.203125,66364.203125,148900000
^N225,2026-09-27 15:00:00,66505.9375,67034.7421875,65877.6171875,65877.6171875,65877.6171875,161800000
^N225,2026-09-28 15:00:00,65557.9921875,65805.078125,64699.48828125,65481.26953125,65481.26953125,170800000
^N225,2026-09-29 15:00:00,66128.59375,66946.140625,66014.4765625,66753.71875,66753.71875,203700000
^N225,2026-09-30 15:00:00,67106.5234375,68995.296875,67081.65625,68956.71875,68956.71875,184600000
^N225,2026-10-01 15:00:00,68313.4609375,68741.4921875,68132.15625,68309.4609375,68309.4609375,179400000
^NSEI,2026-05-11 18:30:00,23722.599609375,23757.55078125,23348.400390625,23379.55078125,23379.55078125,447500
^NSEI,2026-05-12 18:30:00,23362.44921875,23582.94921875,23262.55078125,23412.599609375,23412.599609375,415400
^NSEI,2026-05-13 18:30:00,23530.25,23777.19921875,23426.55078125,23689.599609375,23689.599609375,428700
^NSEI,2026-05-14 18:30:00,23731.400390625,23839.30078125,23610.30078125,23643.5,23643.5,408900
^NSEI,2026-05-17 18:30:00,23482.19921875,23695.650390625,23317.099609375,23649.94921875,23649.94921875,392000
^NSEI,2026-05-18 18:30:00,23675.30078125,23782.30078125,23587.19921875,23618.0,23618.0,442000
^NSEI,2026-05-19 18:30:00,23457.25,23690.900390625,23397.30078125,23659.0,23659.0,344100
^NSEI,2026-05-20 18:30:00,23830.05078125,23859.900390625,23596.599609375,23654.69921875,23654.69921875,348200
^NSEI,2026-05-21 18:30:00,23671.19921875,23835.650390625,23671.0,23719.30078125,23719.30078125,336100
^NSEI,2026-05-24 18:30:00,23940.25,24054.44921875,23922.849609375,24031.69921875,24031.69921875,351200
^NSEI,2026-05-25 18:30:00,24004.099609375,24089.80078125,23885.44921875,23913.69921875,23913.69921875,387900
^NSEI,2026-05-26 18:30:00,23880.349609375,23983.19921875,23858.25,23907.150390625,23907.150390625,531600
^NSEI,2026-05-28 18:30:00,23902.150390625,24002.80078125,23484.75,23547.75,23547.75,1198000
^NSEI,2026-05-31 18:30:00,23654.5,23733.69921875,23357.94921875,23382.599609375,23382.599609375,421700
^NSEI,2026-06-01 18:30:00,23229.150390625,23556.94921875,23229.150390625,23483.55078125,23483.55078125,511900
^NSEI,2026-06-02 18:30:00,23415.94921875,23459.650390625,23151.5,23405.599609375,23405.599609375,450100
^NSEI,2026-06-03 18:30:00,23282.44921875,23465.30078125,23247.30078125,23416.55078125,23416.55078125,412500
^NSEI,2026-06-04 18:30:00,23478.94921875,23516.349609375,23282.650390625,23366.69921875,23366.69921875,366200
^NSEI,2026-06-07 18:30:00,23080.69921875,23267.30078125,23070.150390625,23123.0,23123.0,375700
^NSEI,2026-06-08 18:30:00,23259.05078125,23279.400390625,23104.44921875,23242.099609375,23242.099609375,402600
^NSEI,2026-06-09 18:30:00,23233.94921875,23425.349609375,23184.599609375,23214.94921875,23214.94921875,380000
^NSEI,2026-06-10 18:30:00,23104.400390625,23327.44921875,23072.05078125,23161.599609375,23161.599609375,363000
^NSEI,2026-06-11 18:30:00,23412.55078125,23645.349609375,23313.900390625,23622.900390625,23622.900390625,351900
^NSEI,2026-06-14 18:30:00,23984.849609375,24011.400390625,23817.80078125,23853.900390625,23853.900390625,398900
^NSEI,2026-06-15 18:30:00,23923.900390625,24002.599609375,23888.19921875,23989.150390625,23989.150390625,327300
^NSEI,2026-06-16 18:30:00,24044.5,24108.19921875,23969.69921875,24085.69921875,24085.69921875,352700
^NSEI,2026-06-17 18:30:00,24073.80078125,24189.25,24036.94921875,24168.0,24168.0,340000
^NSEI,2026-06-18 18:30:00,23991.19921875,24047.19921875,23901.900390625,24013.099609375,24013.099609375,447900
^NSEI,2026-06-21 18:30:00,24106.599609375,24168.05078125,24073.150390625,24102.900390625,24102.900390625,252800
^NSEI,2026-06-22 18:30:00,24071.30078125,24135.5,23784.94921875,23824.099609375,23824.099609375,340100
^NSEI,2026-06-23 18:30:00,23795.80078125,24090.05078125,23789.25,24021.650390625,24021.650390625,395600
^NSEI,2026-06-24 18:30:00,24125.849609375,24261.599609375,24039.0,24056.0,24056.0,448800
^NSEI,2026-06-28 18:30:00,24061.75,24120.0,23924.55078125,23946.25,23946.25,588500
^NSEI,2026-06-29 18:30:00,24032.05078125,24035.55078125,23829.19921875,23865.75,23865.75,449000
^NSEI,2026-06-30 18:30:00,23897.650390625,24049.900390625,23895.099609375,24005.849609375,24005.849609375,352100
^NSEI,2026-07-01 18:30:00,24062.19921875,24194.55078125,24058.80078125,24175.69921875,24175.69921875,372900
^NSEI,2026-07-02 18:30:00,24375.650390625,24378.150390625,24252.349609375,24270.849609375,24270.849609375,326600
^NSEI,2026-07-05 18:30:00,24306.849609375,24458.650390625,24287.099609375,24430.349609375,24430.349609375,329400
^NSEI,2026-07-06 18:30:00,24464.44921875,24530.900390625,24348.94921875,24398.69921875,24398.69921875,412600
^NSEI,2026-07-07 18:30:00,24259.55078125,24300.0,23805.19921875,23882.05078125,23882.05078125,420500
^NSEI,2026-07-08 18:30:00,23928.94921875,24134.69921875,23925.69921875,23962.80078125,23962.80078125,384800
^NSEI,2026-07-09 18:30:00,24124.69921875,24228.44921875,24120.349609375,24206.900390625,24206.900390625,313100
^NSEI,2026-07-12 18:30:00,24039.400390625,24259.80078125,24000.19921875,24211.0,24211.0,322700
^NSEI,2026-07-13 18:30:00,24068.0,24157.099609375,24023.69921875,24052.05078125,24052.05078125,355800
^NSEI,2026-07-14 18:30:00,24085.849609375,24220.349609375,24010.55078125,24078.5,24078.5,306900
^NSEI,2026-07-15 18:30:00,24142.099609375,24186.5,24050.0,24072.75,24072.75,264300
^NSEI,2026-07-16 18:30:00,24127.599609375,24367.30078125,24099.05078125,24334.30078125,24334.30078125,387800
^NSEI,2026-07-19 18:30:00,24190.05078125,24266.099609375,24135.849609375,24238.5,24238.5,353100
^NSEI,2026-07-20 18:30:00,24216.05078125,24262.19921875,24135.650390625,24187.69921875,24187.69921875,315600
^NSEI,2026-07-21 18:30:00,24150.44921875,24166.30078125,23961.400390625,23996.25,23996.25,304700
^NSEI,2026-07-22 18:30:00,23904.80078125,23990.75,23807.19921875,23869.599609375,23869.599609375,344000
^NSEI,2026-07-23 18:30:00,23666.349609375,23823.599609375,23606.30078125,23767.44921875,23767.44921875,333900
^NSEI,2026-07-26 18:30:00,23928.400390625,24011.599609375,23891.55078125,23995.94921875,23995.94921875,319400
^NSEI,2026-07-27 18:30:00,23971.25,24041.150390625,23954.599609375,23985.349609375,23985.349609375,437800
^NSEI,2026-07-28 18:30:00,24176.650390625,24283.55078125,24136.75,24250.19921875,24250.19921875,424200
^NSEI,2026-07-29 18:30:00,24249.55078125,24342.94921875,24187.099609375,24317.150390625,24317.150390625,400600
^NSEI,2026-07-30 18:30:00,24361.44921875,24429.400390625,24299.69921875,24383.599609375,24383.599609375,411700
^NSEI,2026-08-02 18:30:00,24572.69921875,24774.30078125,24515.150390625,24774.30078125,24774.30078125,342300
^NSEI,2026-08-03 18:30:00,24703.900390625,24703.900390625,24427.94921875,24614.900390625,24614.900390625,296500
^NSEI,2026-08-04 18:30:00,24669.19921875,24677.599609375,24497.94921875,24624.650390625,24624.650390625,355500
^NSEI,2026-08-05 18:30:00,24641.0,24677.05078125,24604.150390625,24636.0,24636.0,344000
^NSEI,2026-08-06 18:30:00,24538.900390625,24630.400390625,24522.75,24570.650390625,24570.650390625,254800
^NSEI,2026-08-09 18:30:00,24581.25,24620.94921875,24511.099609375,24583.80078125,24583.80078125,269500
^NSEI,2026-08-10 18:30:00,24575.099609375,24576.849609375,24429.25,24471.69921875,24471.69921875,271800
^NSEI,2026-08-11 18:30:00,24472.44921875,24473.30078125,24265.94921875,24435.94921875,24435.94921875,317600
^NSEI,2026-08-12 18:30:00,24431.599609375,24431.599609375,24311.400390625,24395.849609375,24395.849609375,295800
^NSEI,2026-08-13 18:30:00,24361.900390625,24405.19921875,24296.80078125,24366.0,24366.0,267700
^NSEI,2026-08-16 18:30:00,24343.44921875,24360.099609375,24226.94921875,24287.650390625,24287.650390625,225400
^NSEI,2026-08-17 18:30:00,24223.849609375,24269.650390625,24154.900390625,24154.900390625,24154.900390625,227000
^NSEI,2026-08-18 18:30:00,24152.05078125,24172.849609375,24025.650390625,24078.30078125,24078.30078125,238700
^NSEI,2026-08-19 18:30:00,24225.44921875,24265.150390625,24184.55078125,24231.849609375,24231.849609375,253900
^NSEI,2026-08-20 18:30:00,24284.05078125,24284.05078125,24206.80078125,24252.0,24252.0,259300
^NSEI,2026-08-23 18:30:00,24285.05078125,24313.0,24144.30078125,24219.05078125,24219.05078125,236300
^NSEI,2026-08-24 18:30:00,24175.75,24334.55078125,24115.44921875,24334.55078125,24334.55078125,239500
^NSEI,2026-08-25 18:30:00,24341.94921875,24378.599609375,24207.75,24207.75,24207.75,244800
^NSEI,2026-08-26 18:30:00,24277.599609375,24297.44921875,24090.849609375,24090.849609375,24090.849609375,323400
^NSEI,2026-08-27 18:30:00,24122.599609375,24188.30078125,24076.849609375,24175.650390625,24175.650390625,296100
^NSEI,2026-08-30 18:30:00,24117.55078125,24128.69921875,23993.599609375,24080.400390625,24080.400390625,710900
^NSEI,2026-08-31 18:30:00,24077.55078125,24143.150390625,23952.55078125,24055.80078125,24055.80078125,334200
^NSEI,2026-09-01 18:30:00,23858.0,23914.44921875,23786.80078125,23914.44921875,23914.44921875,318900
^NSEI,2026-09-02 18:30:00,23997.94921875,24025.400390625,23873.44921875,23873.44921875,23873.44921875,239100
^NSEI,2026-09-03 18:30:00,23910.900390625,24005.75,23895.849609375,23897.69921875,23897.69921875,231400
^NSEI,2026-09-06 18:30:00,23883.150390625,23890.0,23737.900390625,23779.150390625,23779.150390625,205900
^NSEI,2026-09-07 18:30:00,23743.099609375,23758.94921875,23623.099609375,23635.099609375,23635.099609375,230100
^NSEI,2026-09-08 18:30:00,23522.05078125,23571.55078125,23431.5,23431.5,23431.5,352900
^NSEI,2026-09-09 18:30:00,23446.599609375,23494.94921875,23380.099609375,23477.80078125,23477.80078125,253200
^NSEI,2026-09-10 18:30:00,23270.30078125,23448.099609375,23231.400390625,23398.099609375,23398.099609375,293000
^NSEI,2026-09-14 18:30:00,23576.150390625,23592.849609375,23118.599609375,23118.599609375,23118.599609375,338800
^NSEI,2026-09-15 18:30:00,23201.599609375,23284.75,23116.099609375,23217.599609375,23217.599609375,261600
^NSEI,2026-09-16 18:30:00,23195.25,23363.55078125,23193.650390625,23270.599609375,23270.599609375,259700
^NSEI,2026-09-17 18:30:00,23334.69921875,23389.150390625,23286.599609375,23346.400390625,23346.400390625,375300
^NSEI,2026-09-20 18:30:00,23330.19921875,23466.80078125,23314.80078125,23414.30078125,23414.30078125,213600
^NSEI,2026-09-21 18:30:00,23454.05078125,23489.0,23285.75,23329.0,23329.0,244100
^NSEI,2026-09-22 18:30:00,23352.150390625,23466.900390625,23349.55078125,23446.80078125,23446.80078125,237600
^NSEI,2026-09-23 18:30:00,23221.80078125,23281.94921875,23046.150390625,23063.099609375,23063.099609375,271700
^NSEI,2026-09-24 18:30:00,23035.0,23162.69921875,23020.94921875,23140.5,23140.5,242700
^NSEI,2026-09-27 18:30:00,23064.900390625,23080.25,22762.19921875,22780.25,22780.25,261500
^NSEI,2026-09-28 18:30:00,22732.44921875,22753.25,22569.650390625,22716.19921875,22716.19921875,603200
^NSEI,2026-09-29 18:30:00,22665.0,22809.349609375,22595.19921875,22620.44921875,22620.44921875,379000
^NSEI,2026-09-30 18:30:00,22543.69921875,22610.599609375,22217.30078125,22421.94921875,22421.94921875,463600
^NYA,2026-05-12 04:00:00,22970.76953125,23052.669921875,22819.279296875,23015.33984375,23015.33984375,5624790000
^NYA,2026-05-13 04:00:00,23015.33984375,23015.33984375,22883.919921875,22973.55078125,22973.55078125,5716600000
^NYA,2026-05-14 04:00:00,22973.55078125,23166.630859375,22973.55078125,23101.849609375,23101.849609375,5267050000
^NYA,2026-05-15 04:00:00,23101.849609375,23101.849609375,22793.009765625,22799.4296875,22799.4296875,5582070000
^NYA,2026-05-18 04:00:00,22799.4296875,22924.41015625,22777.01953125,22900.5703125,22900.5703125,5489500000
^NYA,2026-05-19 04:00:00,22900.5703125,22915.189453125,22739.189453125,22797.669921875,22797.669921875,5441140000
^NYA,2026-05-20 04:00:00,22797.669921875,23044.970703125,22785.900390625,23021.740234375,23021.740234375,5384150000
^NYA,2026-05-21 04:00:00,23021.740234375,23167.83984375,22862.859375,23127.689453125,23127.689453125,5440620000
^NYA,2026-05-22 04:00:00,23127.689453125,23284.439453125,23127.689453125,23225.75,23225.75,4952440000
^NYA,2026-05-26 04:00:00,23225.75,23385.529296875,23225.75,23295.5,23295.5,5496060000
^NYA,2026-05-27 04:00:00,23295.5,23362.279296875,23255.869140625,23267.0703125,23267.0703125,5524250000
^NYA,2026-05-28 04:00:00,23267.0703125,23364.740234375,23189.5,23302.259765625,23302.259765625,5494860000
^NYA,2026-05-29 04:00:00,23302.259765625,23325.0,23265.33984375,23292.169921875,23292.169921875,7858290000
^NYA,2026-06-01 04:00:00,23292.169921875,23388.359375,23215.310546875,23335.16015625,23335.16015625,6583960000
^NYA,2026-06-02 04:00:00,23335.16015625,23503.990234375,23325.08984375,23480.919921875,23480.919921875,5904410000
^NYA,2026-06-03 04:00:00,23480.919921875,23480.919921875,23276.490234375,23276.490234375,23276.490234375,5753860000
^NYA,2026-06-04 04:00:00,23276.490234375,23586.349609375,23276.490234375,23572.76953125,23572.76953125,5398910000
^NYA,2026-06-05 04:00:00,23572.76953125,23572.76953125,23199.189453125,23256.5,23256.5,5591290000
^NYA,2026-06-08 04:00:00,23256.5,23397.529296875,23210.69921875,23224.19921875,23224.19921875,4898180000
^NYA,2026-06-09 04:00:00,23224.19921875,23475.76953125,23051.849609375,23381.08984375,23381.08984375,6006390000
^NYA,2026-06-10 04:00:00,23381.08984375,23403.9296875,23079.419921875,23080.830078125,23080.830078125,5247300000
^NYA,2026-06-11 04:00:00,23080.830078125,23479.259765625,23080.830078125,23412.890625,23412.890625,5658920000
^NYA,2026-06-12 04:00:00,23412.890625,23653.240234375,23412.890625,23595.7890625,23595.7890625,4950530000
^NYA,2026-06-15 04:00:00,23595.7890625,23780.939453125,23595.7890625,23673.66015625,23673.66015625,5674670000
^NYA,2026-06-16 04:00:00,23673.66015625,23814.470703125,23673.66015625,23704.029296875,23704.029296875,5286210000
^NYA,2026-06-17 04:00:00,23704.029296875,23840.919921875,23432.5703125,23469.759765625,23469.759765625,5883740000
^NYA,2026-06-18 04:00:00,23469.759765625,23602.48046875,23469.759765625,23499.740234375,23499.740234375,9061110000
^NYA,2026-06-22 04:00:00,23499.740234375,23648.740234375,23499.740234375,23596.220703125,23596.220703125,5976740000
^NYA,2026-06-23 04:00:00,23596.220703125,23596.220703125,23332.580078125,23463.630859375,23463.630859375,5640530000
^NYA,2026-06-24 04:00:00,23463.630859375,23596.2109375,23410.25,23493.55078125,23493.55078125,5994860000
^NYA,2026-06-25 04:00:00,23493.55078125,23827.630859375,23493.55078125,23610.73046875,23610.73046875,5565760000
^NYA,2026-06-26 04:00:00,23610.73046875,23737.330078125,23527.3203125,23689.23046875,23689.23046875,9105600000
^NYA,2026-06-29 04:00:00,23689.23046875,23809.470703125,23623.669921875,23802.7109375,23802.7109375,5794570000
^NYA,2026-06-30 04:00:00,23802.7109375,23869.109375,23705.6796875,23834.23046875,23834.23046875,6037540000
^NYA,2026-07-01 04:00:00,23834.23046875,23907.8203125,23689.490234375,23737.1796875,23737.1796875,5782730000
^NYA,2026-07-02 04:00:00,23737.1796875,24044.150390625,23737.1796875,23957.080078125,23957.080078125,5463520000
^NYA,2026-07-06 04:00:00,23957.080078125,24095.75,23957.080078125,24075.119140625,24075.119140625,4971110000
^NYA,2026-07-07 04:00:00,24075.119140625,24159.599609375,23974.41015625,24016.9609375,24016.9609375,5049590000
^NYA,2026-07-08 04:00:00,24016.9609375,24016.9609375,23719.189453125,23790.599609375,23790.599609375,5102020000
^NYA,2026-07-09 04:00:00,23790.599609375,23944.55078125,23790.599609375,23876.83984375,23876.83984375,4442950000
^NYA,2026-07-10 04:00:00,23876.83984375,23959.310546875,23812.08984375,23925.0703125,23925.0703125,4006370000
^NYA,2026-07-13 04:00:00,23925.0703125,24027.66015625,23870.560546875,23896.05078125,23896.05078125,4729990000
^NYA,2026-07-14 04:00:00,23896.05078125,23998.099609375,23838.080078125,23846.599609375,23846.599609375,4836950000
^NYA,2026-07-15 04:00:00,23846.599609375,23948.5390625,23770.5390625,23872.529296875,23872.529296875,5236550000
^NYA,2026-07-16 04:00:00,23872.529296875,23982.220703125,23831.060546875,23952.26953125,23952.26953125,5365300000
^NYA,2026-07-17 04:00:00,23952.26953125,23977.220703125,23761.349609375,23816.970703125,23816.970703125,5303290000
^NYA,2026-07-20 04:00:00,23816.970703125,23897.05078125,23654.55078125,23669.650390625,23669.650390625,5152910000
^NYA,2026-07-21 04:00:00,23669.650390625,23912.859375,23669.650390625,23890.1796875,23890.1796875,5149030000
^NYA,2026-07-22 04:00:00,23890.1796875,24017.01953125,23890.1796875,23919.7109375,23919.7109375,4890390000
^NYA,2026-07-23 04:00:00,23919.7109375,23934.060546875,23807.259765625,23874.26953125,23874.26953125,5515210000
^NYA,2026-07-24 04:00:00,23874.26953125,24085.599609375,23874.26953125,23990.880859375,23990.880859375,4860620000
^NYA,2026-07-27 04:00:00,23990.880859375,24193.5,23990.880859375,24098.8203125,24098.8203125,5038290000
^NYA,2026-07-28 04:00:00,24098.8203125,24258.9296875,24098.8203125,24229.669921875,24229.669921875,5590890000
^NYA,2026-07-29 04:00:00,24229.669921875,24232.76953125,23931.630859375,23944.970703125,23944.970703125,5836350000
^NYA,2026-07-30 04:00:00,23944.970703125,24155.560546875,23892.30078125,24138.2890625,24138.2890625,5594430000
^NYA,2026-07-31 04:00:00,24138.2890625,24184.75,23930.529296875,24107.5390625,24107.5390625,5391020000
^NYA,2026-08-03 04:00:00,24107.5390625,24277.310546875,24107.5390625,24255.529296875,24255.529296875,5201470000
^NYA,2026-08-04 04:00:00,24255.529296875,24526.970703125,24239.9296875,24462.869140625,24462.869140625,5906940000
^NYA,2026-08-05 04:00:00,24462.869140625,24653.009765625,24462.869140625,24513.810546875,24513.810546875,5615640000
^NYA,2026-08-06 04:00:00,24513.810546875,24600.48046875,24449.619140625,24484.060546875,24484.060546875,5330830000
^NYA,2026-08-07 04:00:00,24484.060546875,24603.189453125,24484.060546875,24595.240234375,24595.240234375,5019970000
^NYA,2026-08-10 04:00:00,24595.240234375,24692.689453125,24573.76953125,24667.890625,24667.890625,4879540000
^NYA,2026-08-11 04:00:00,24667.890625,24782.720703125,24666.439453125,24685.5703125,24685.5703125,4739500000
^NYA,2026-08-12 04:00:00,24685.5703125,24788.060546875,24685.5703125,24758.619140625,24758.619140625,4574170000
^NYA,2026-08-13 04:00:00,24758.619140625,24865.810546875,24741.150390625,24809.650390625,24809.650390625,4833230000
^NYA,2026-08-14 04:00:00,24809.650390625,24856.580078125,24793.119140625,24821.6796875,24821.6796875,4159900000
^NYA,2026-08-17 04:00:00,24821.6796875,24822.890625,24717.810546875,24717.810546875,24717.810546875,4452630000
^NYA,2026-08-18 04:00:00,24717.810546875,24752.029296875,24627.2890625,24629.140625,24629.140625,4602700000
^NYA,2026-08-19 04:00:00,24629.140625,24866.75,24629.140625,24707.26953125,24707.26953125,5184100000
^NYA,2026-08-20 04:00:00,24707.26953125,24753.259765625,24548.259765625,24548.259765625,24548.259765625,4759610000
^NYA,2026-08-21 04:00:00,24548.259765625,24756.80078125,24548.259765625,24728.669921875,24728.669921875,4497270000
^NYA,2026-08-24 04:00:00,24728.669921875,24749.890625,24662.869140625,24726.640625,24726.640625,4400800000
^NYA,2026-08-25 04:00:00,24726.640625,24777.55078125,24668.80078125,24768.650390625,24768.650390625,4260240000
^NYA,2026-08-26 04:00:00,24768.650390625,24819.2890625,24726.509765625,24742.0703125,24742.0703125,4100600000
^NYA,2026-08-27 04:00:00,24742.0703125,24742.0703125,24596.73046875,24649.01953125,24649.01953125,4362240000
^NYA,2026-08-28 04:00:00,24649.01953125,24733.470703125,24548.73046875,24585.1796875,24585.1796875,4297560000
^NYA,2026-08-31 04:00:00,24585.1796875,24585.1796875,24449.4609375,24461.939453125,24461.939453125,5386090000
^NYA,2026-09-01 04:00:00,24461.939453125,24526.69921875,24316.609375,24349.279296875,24349.279296875,4858180000
^NYA,2026-09-02 04:00:00,24349.279296875,24543.69921875,24349.279296875,24495.55078125,24495.55078125,4738910000
^NYA,2026-09-03 04:00:00,24495.55078125,24725.470703125,24495.55078125,24720.150390625,24720.150390625,4726400000
^NYA,2026-09-04 04:00:00,24720.150390625,24720.150390625,24594.939453125,24639.25,24639.25,4103570000
^NYA,2026-09-08 04:00:00,24639.25,24639.25,24469.94921875,24473.060546875,24473.060546875,4966930000
^NYA,2026-09-09 04:00:00,24473.060546875,24473.060546875,24311.150390625,24311.150390625,24311.150390625,4896940000
^NYA,2026-09-10 04:00:00,24311.150390625,24311.150390625,24121.23046875,24140.640625,24140.640625,4893500000
^NYA,2026-09-11 04:00:00,24140.640625,24387.55078125,24140.640625,24331.560546875,24331.560546875,4722480000
^NYA,2026-09-14 04:00:00,24331.560546875,24331.560546875,24173.55078125,24205.390625,24205.390625,4963750000
^NYA,2026-09-15 04:00:00,24205.390625,24205.390625,24063.919921875,24128.4609375,24128.4609375,5154930000
^NYA,2026-09-16 04:00:00,24128.4609375,24188.130859375,23791.609375,23934.140625,23934.140625,5307920000
^NYA,2026-09-17 04:00:00,23934.140625,24157.220703125,23934.140625,24089.55078125,24089.55078125,5058210000
^NYA,2026-09-18 04:00:00,24089.55078125,24089.55078125,23919.060546875,23998.759765625,23998.759765625,8858350000
^NYA,2026-09-21 04:00:00,23998.759765625,24144.640625,23998.759765625,24086.66015625,24086.66015625,4828050000
^NYA,2026-09-22 04:00:00,24086.66015625,24109.150390625,23982.720703125,24029.060546875,24029.060546875,5286270000
^NYA,2026-09-23 04:00:00,24029.060546875,24029.060546875,23842.5390625,23848.25,23848.25,5110910000
^NYA,2026-09-24 04:00:00,23848.25,23887.5703125,23760.41015625,23816.490234375,23816.490234375,5316390000
^NYA,2026-09-25 04:00:00,23816.490234375,23937.849609375,23770.369140625,23912.58984375,23912.58984375,4499180000
^NYA,2026-09-28 04:00:00,23912.58984375,23912.58984375,23714.26953125,23757.310546875,23757.310546875,5129710000
^NYA,2026-09-29 04:00:00,23757.310546875,23757.310546875,23616.859375,23709.599609375,23709.599609375,5023590000
^NYA,2026-09-30 04:00:00,23709.599609375,23740.900390625,23490.80078125,23490.80078125,23490.80078125,4276550000
^NYA,2026-10-01 04:00:00,23490.80078125,23553.5390625,23333.359375,23526.83984375,23526.83984375,5783800000
^NYA,2026-10-02 04:00:00,23526.83984375,23684.759765625,23526.83984375,23654.310546875,23654.310546875,5277430000
^RUT,2026-05-12 04:00:00,2861.830078125,2861.830078125,2799.68994140625,2842.830078125,2842.830078125,5624790000
^RUT,2026-05-13 04:00:00,2846.25,2852.719970703125,2815.9599609375,2843.929931640625,2843.929931640625,5716600000
^RUT,2026-05-14 04:00:00,2852.75,2873.8701171875,2838.8798828125,2863.090087890625,2863.090087890625,5267050000
^RUT,2026-05-15 04:00:00,2839.320068359375,2839.320068359375,2791.5,2793.300048828125,2793.300048828125,5582070000
^RUT,2026-05-18 04:00:00,2793.300048828125,2802.840087890625,2757.02001953125,2775.10009765625,2775.10009765625,5489500000
^RUT,2026-05-19 04:00:00,2753.159912109375,2766.389892578125,2722.85009765625,2747.070068359375,2747.070068359375,5441140000
^RUT,2026-05-20 04:00:00,2764.409912109375,2817.989990234375,2755.7099609375,2817.3701171875,2817.3701171875,5384150000
^RUT,2026-05-21 04:00:00,2802.360107421875,2850.6201171875,2798.25,2843.449951171875,2843.449951171875,5440620000
^RUT,2026-05-22 04:00:00,2855.1201171875,2878.610107421875,2855.1201171875,2869.22998046875,2869.22998046875,4952440000
^RUT,2026-05-26 04:00:00,2899.010009765625,2923.0400390625,2892.31005859375,2920.5400390625,2920.5400390625,5496060000
^RUT,2026-05-27 04:00:00,2924.360107421875,2932.739990234375,2908.639892578125,2919.93994140625,2919.93994140625,5524250000
^RUT,2026-05-28 04:00:00,2915.0400390625,2942.610107421875,2897.85009765625,2936.570068359375,2936.570068359375,5494860000
^RUT,2026-05-29 04:00:00,2932.570068359375,2932.570068359375,2898.830078125,2919.340087890625,2919.340087890625,7858290000
^RUT,2026-06-01 04:00:00,2899.090087890625,2919.570068359375,2880.889892578125,2905.760009765625,2905.760009765625,6583960000
^RUT,2026-06-02 04:00:00,2900.949951171875,2934.949951171875,2900.699951171875,2931.9599609375,2931.9599609375,5904410000
^RUT,2026-06-03 04:00:00,2921.239990234375,2921.239990234375,2885.52001953125,2893.510009765625,2893.510009765625,5753860000
^RUT,2026-06-04 04:00:00,2895.0,2943.969970703125,2884.510009765625,2935.330078125,2935.330078125,5398910000
^RUT,2026-06-05 04:00:00,2914.030029296875,2914.030029296875,2819.030029296875,2833.5,2833.5,5591290000
^RUT,2026-06-08 04:00:00,2862.760009765625,2882.8701171875,2853.31005859375,2855.419921875,2855.419921875,4898180000
^RUT,2026-06-09 04:00:00,2879.47998046875,2921.330078125,2795.47998046875,2867.02001953125,2867.02001953125,6006390000
^RUT,2026-06-10 04:00:00,2861.929931640625,2905.280029296875,2833.469970703125,2835.4599609375,2835.4599609375,5247300000
^RUT,2026-06-11 04:00:00,2854.22998046875,2923.929931640625,2854.22998046875,2921.030029296875,2921.030029296875,5658920000
^RUT,2026-06-12 04:00:00,2930.820068359375,2969.429931640625,2921.27001953125,2943.989990234375,2943.989990234375,4950530000
^RUT,2026-06-15 04:00:00,2982.35009765625,2996.419921875,2960.679931640625,2965.090087890625,2965.090087890625,5674670000
^RUT,2026-06-16 04:00:00,2971.610107421875,2984.81005859375,2936.360107421875,2939.199951171875,2939.199951171875,5286210000
^RUT,2026-06-17 04:00:00,2945.7900390625,2977.199951171875,2910.9599609375,2917.97998046875,2917.97998046875,5883740000
^RUT,2026-06-18 04:00:00,2952.580078125,2980.60009765625,2939.820068359375,2979.77001953125,2979.77001953125,9061110000
^RUT,2026-06-22 04:00:00,2992.360107421875,3015.409912109375,2985.090087890625,3004.39990234375,3004.39990234375,5976740000
^RUT,2026-06-23 04:00:00,2964.27001953125,2996.9599609375,2951.22998046875,2975.47998046875,2975.47998046875,5640530000
^RUT,2026-06-24 04:00:00,2977.760009765625,3015.050048828125,2969.719970703125,2986.6298828125,2986.6298828125,5994860000
^RUT,2026-06-25 04:00:00,3005.469970703125,3033.75,2989.199951171875,3007.860107421875,3007.860107421875,5565760000
^RUT,2026-06-26 04:00:00,2990.06005859375,3018.8701171875,2979.110107421875,3010.080078125,3010.080078125,9105600000
^RUT,2026-06-29 04:00:00,3000.909912109375,3011.949951171875,2969.8701171875,3010.419921875,3010.419921875,5794570000
^RUT,2026-06-30 04:00:00,3007.14990234375,3030.610107421875,3000.25,3024.3701171875,3024.3701171875,6037540000
^RUT,2026-07-01 04:00:00,3018.489990234375,3046.590087890625,3010.8798828125,3012.590087890625,3012.590087890625,5782730000
^RUT,2026-07-02 04:00:00,3023.77001953125,3039.840087890625,2971.169921875,2996.110107421875,2996.110107421875,5463520000
^RUT,2026-07-06 04:00:00,2996.97998046875,3024.3701171875,2996.97998046875,3009.5400390625,3009.5400390625,4971110000
^RUT,2026-07-07 04:00:00,3008.510009765625,3016.570068359375,2974.139892578125,2982.489990234375,2982.489990234375,5049590000
^RUT,2026-07-08 04:00:00,2969.6298828125,2971.14990234375,2927.1201171875,2956.389892578125,2956.389892578125,5102020000
^RUT,2026-07-09 04:00:00,2963.280029296875,2998.27001953125,2963.280029296875,2992.5400390625,2992.5400390625,4442950000
^RUT,2026-07-10 04:00:00,2996.110107421875,2998.179931640625,2963.159912109375,2977.81005859375,2977.81005859375,4006370000
^RUT,2026-07-13 04:00:00,2974.489990234375,2974.489990234375,2947.239990234375,2953.169921875,2953.169921875,4729990000
^RUT,2026-07-14 04:00:00,2967.68994140625,2977.3798828125,2957.889892578125,2964.760009765625,2964.760009765625,4836950000
^RUT,2026-07-15 04:00:00,2970.31005859375,2987.68994140625,2961.419921875,2976.260009765625,2976.260009765625,5236550000
^RUT,2026-07-16 04:00:00,2970.27001953125,2996.280029296875,2963.510009765625,2974.570068359375,2974.570068359375,5365300000
^RUT,2026-07-17 04:00:00,2948.580078125,2979.320068359375,2934.1201171875,2962.219970703125,2962.219970703125,5303290000
^RUT,2026-07-20 04:00:00,2968.1201171875,2978.090087890625,2942.330078125,2942.429931640625,2942.429931640625,5152910000
^RUT,2026-07-21 04:00:00,2949.449951171875,2988.429931640625,2949.449951171875,2987.39990234375,2987.39990234375,5149030000
^RUT,2026-07-22 04:00:00,2982.56005859375,2983.429931640625,2955.60009765625,2959.93994140625,2959.93994140625,4890390000
^RUT,2026-07-23 04:00:00,2943.31005859375,2952.5400390625,2924.330078125,2940.159912109375,2940.159912109375,5515210000
^RUT,2026-07-24 04:00:00,2949.669921875,2956.8798828125,2927.489990234375,2930.0,2930.0,4860620000
^RUT,2026-07-27 04:00:00,2944.610107421875,2972.4599609375,2931.43994140625,2948.0400390625,2948.0400390625,5038290000
^RUT,2026-07-28 04:00:00,2946.669921875,2955.39990234375,2923.27001953125,2953.800048828125,2953.800048828125,5590890000
^RUT,2026-07-29 04:00:00,2950.6201171875,2953.760009765625,2903.669921875,2906.31005859375,2906.31005859375,5836350000
^RUT,2026-07-30 04:00:00,2918.860107421875,2948.409912109375,2912.18994140625,2946.10009765625,2946.10009765625,5594430000
^RUT,2026-07-31 04:00:00,2952.860107421875,2955.830078125,2902.469970703125,2931.340087890625,2931.340087890625,5391020000
^RUT,2026-08-03 04:00:00,2935.260009765625,2985.679931640625,2935.260009765625,2981.909912109375,2981.909912109375,5201470000
^RUT,2026-08-04 04:00:00,2990.14990234375,3043.110107421875,2990.14990234375,3036.97998046875,3036.97998046875,5906940000
^RUT,2026-08-05 04:00:00,3038.419921875,3048.85009765625,3018.419921875,3019.18994140625,3019.18994140625,5615640000
^RUT,2026-08-06 04:00:00,3016.300048828125,3032.219970703125,2999.510009765625,3001.550048828125,3001.550048828125,5330830000
^RUT,2026-08-07 04:00:00,3009.5400390625,3037.340087890625,3009.5400390625,3034.489990234375,3034.489990234375,5019970000
^RUT,2026-08-10 04:00:00,3026.340087890625,3031.81005859375,3013.1298828125,3017.39990234375,3017.39990234375,4879540000
^RUT,2026-08-11 04:00:00,3024.0,3036.090087890625,3023.469970703125,3027.1201171875,3027.1201171875,4739500000
^RUT,2026-08-12 04:00:00,3039.280029296875,3051.02001953125,3029.56005859375,3045.47998046875,3045.47998046875,4574170000
^RUT,2026-08-13 04:00:00,3051.090087890625,3065.840087890625,3047.080078125,3052.85009765625,3052.85009765625,4833230000
^RUT,2026-08-14 04:00:00,3052.820068359375,3069.7099609375,3050.22998046875,3068.419921875,3068.419921875,4159900000
^RUT,2026-08-17 04:00:00,3060.340087890625,3061.699951171875,3051.969970703125,3057.5400390625,3057.5400390625,4452630000
^RUT,2026-08-18 04:00:00,3049.320068359375,3049.320068359375,3017.5400390625,3017.889892578125,3017.889892578125,4602700000
^RUT,2026-08-19 04:00:00,3036.080078125,3050.25,3029.97998046875,3032.93994140625,3032.93994140625,5184100000
^RUT,2026-08-20 04:00:00,3019.300048828125,3019.300048828125,2989.22998046875,2992.429931640625,2992.429931640625,4759610000
^RUT,2026-08-21 04:00:00,3007.159912109375,3020.239990234375,3000.050048828125,3017.8701171875,3017.8701171875,4497270000
^RUT,2026-08-24 04:00:00,3015.06005859375,3015.06005859375,2991.239990234375,2995.080078125,2995.080078125,4400800000
^RUT,2026-08-25 04:00:00,3004.81005859375,3011.969970703125,3000.469970703125,3010.02001953125,3010.02001953125,4260240000
^RUT,2026-08-26 04:00:00,3005.52001953125,3014.8798828125,2999.909912109375,3005.89990234375,3005.89990234375,4100600000
^RUT,2026-08-27 04:00:00,3005.159912109375,3019.39990234375,3000.909912109375,3014.340087890625,3014.340087890625,4362240000
^RUT,2026-08-28 04:00:00,3014.14990234375,3017.0400390625,2972.3701171875,2972.3701171875,2972.3701171875,4297560000
^RUT,2026-08-31 04:00:00,2967.429931640625,2967.429931640625,2944.340087890625,2956.449951171875,2956.449951171875,5386090000
^RUT,2026-09-01 04:00:00,2943.429931640625,2943.429931640625,2916.840087890625,2920.1298828125,2920.1298828125,4858180000
^RUT,2026-09-02 04:00:00,2926.510009765625,2959.52001953125,2926.510009765625,2953.169921875,2953.169921875,4738910000
^RUT,2026-09-03 04:00:00,2968.2099609375,2976.6201171875,2951.2900390625,2968.27001953125,2968.27001953125,4726400000
^RUT,2026-09-04 04:00:00,2956.75,2976.659912109375,2951.0400390625,2975.64990234375,2975.64990234375,4103570000
^RUT,2026-09-08 04:00:00,2969.590087890625,2975.47998046875,2958.64990234375,2960.199951171875,2960.199951171875,4966930000
^RUT,2026-09-09 04:00:00,2952.06005859375,2952.610107421875,2918.889892578125,2921.239990234375,2921.239990234375,4896940000
^RUT,2026-09-10 04:00:00,2908.52001953125,2908.52001953125,2886.9599609375,2890.949951171875,2890.949951171875,4893500000
^RUT,2026-09-11 04:00:00,2909.050048828125,2926.68994140625,2902.89990234375,2903.93994140625,2903.93994140625,4722480000
^RUT,2026-09-14 04:00:00,2896.699951171875,2908.52001953125,2885.5400390625,2892.239990234375,2892.239990234375,4963750000
^RUT,2026-09-15 04:00:00,2890.639892578125,2890.639892578125,2861.72998046875,2870.2900390625,2870.2900390625,5154930000
^RUT,2026-09-16 04:00:00,2873.75,2887.820068359375,2832.3701171875,2858.81005859375,2858.81005859375,5307920000
^RUT,2026-09-17 04:00:00,2883.199951171875,2901.330078125,2874.4599609375,2874.6298828125,2874.6298828125,5058210000
^RUT,2026-09-18 04:00:00,2874.489990234375,2874.489990234375,2846.699951171875,2860.39990234375,2860.39990234375,8858350000
^RUT,2026-09-21 04:00:00,2874.1201171875,2883.4599609375,2870.909912109375,2875.360107421875,2875.360107421875,4828050000
^RUT,2026-09-22 04:00:00,2886.64990234375,2905.8701171875,2882.1298828125,2889.919921875,2889.919921875,5286270000
^RUT,2026-09-23 04:00:00,2884.489990234375,2884.489990234375,2838.3701171875,2838.659912109375,2838.659912109375,5110910000
^RUT,2026-09-24 04:00:00,2834.72998046875,2838.6298828125,2810.75,2835.570068359375,2835.570068359375,5316390000
^RUT,2026-09-25 04:00:00,2839.219970703125,2851.699951171875,2826.7900390625,2837.550048828125,2837.550048828125,4499180000
^RUT,2026-09-28 04:00:00,2828.139892578125,2833.510009765625,2807.60009765625,2817.909912109375,2817.909912109375,5129710000
^RUT,2026-09-29 04:00:00,2820.360107421875,2825.3701171875,2794.389892578125,2807.919921875,2807.919921875,5023590000
^RUT,2026-09-30 04:00:00,2815.699951171875,2822.219970703125,2796.860107421875,2796.860107421875,2796.860107421875,4276550000
^RUT,2026-10-01 04:00:00,2794.52001953125,2820.77001953125,2775.360107421875,2806.6298828125,2806.6298828125,5783800000
^RUT,2026-10-02 04:00:00,2825.22998046875,2852.5,2825.22998046875,2832.89990234375,2832.89990234375,5277430000
^SSMI,2026-05-14 22:00:00,13245.76953125,13304.9599609375,13189.2197265625,13220.169921875,13220.169921875,30351700
^SSMI,2026-05-17 22:00:00,13100.740234375,13312.1201171875,13099.5595703125,13240.7001953125,13240.7001953125,22555400
^SSMI,2026-05-18 22:00:00,13291.2001953125,13425.3798828125,13285.66015625,13364.7998046875,13364.7998046875,22597400
^SSMI,2026-05-19 22:00:00,13333.099609375,13499.3203125,13256.099609375,13399.2900390625,13399.2900390625,21829900
^SSMI,2026-05-20 22:00:00,13388.330078125,13476.51953125,13347.1796875,13446.4296875,13446.4296875,20929300
^SSMI,2026-05-21 22:00:00,13495.3603515625,13538.3095703125,13446.91015625,13503.2099609375,13503.2099609375,20198100
^SSMI,2026-05-25 22:00:00,13619.9501953125,13634.73046875,13525.6796875,13525.6796875,13525.6796875,18967400
^SSMI,2026-05-26 22:00:00,13565.8798828125,13637.5,13560.2197265625,13627.41015625,13627.41015625,20912000
^SSMI,2026-05-27 22:00:00,13527.509765625,13548.400390625,13439.58984375,13504.759765625,13504.759765625,18573900
^SSMI,2026-05-28 22:00:00,13535.580078125,13616.6298828125,13516.2900390625,13542.66015625,13542.66015625,50413300
^SSMI,2026-05-31 22:00:00,13466.2900390625,13488.1796875,13277.169921875,13305.400390625,13305.400390625,21732000
^SSMI,2026-06-01 22:00:00,13360.0302734375,13394.73046875,13260.1396484375,13305.7197265625,13305.7197265625,21539300
^SSMI,2026-06-02 22:00:00,13309.7900390625,13338.0703125,13152.7802734375,13218.3203125,13218.3203125,20130200
^SSMI,2026-06-03 22:00:00,13232.669921875,13395.0,13229.2099609375,13341.26953125,13341.26953125,24163600
^SSMI,2026-06-04 22:00:00,13367.4404296875,13431.080078125,13303.900390625,13388.23046875,13388.23046875,19414100
^SSMI,2026-06-07 22:00:00,13292.490234375,13401.5302734375,13265.5,13320.990234375,13320.990234375,17132000
^SSMI,2026-06-08 22:00:00,13280.3896484375,13468.73046875,13275.9296875,13356.3095703125,13356.3095703125,31956200
^SSMI,2026-06-09 22:00:00,13392.3095703125,13473.91015625,13312.3896484375,13463.330078125,13463.330078125,23315900
^SSMI,2026-06-10 22:00:00,13403.7802734375,13635.1298828125,13403.7802734375,13529.650390625,13529.650390625,19634800
^SSMI,2026-06-11 22:00:00,13621.849609375,13752.580078125,13621.849609375,13708.01953125,13708.01953125,25317200
^SSMI,2026-06-14 22:00:00,13841.1298828125,13871.08984375,13695.919921875,13717.5400390625,13717.5400390625,26677500
^SSMI,2026-06-15 22:00:00,13734.2099609375,13799.3603515625,13701.830078125,13761.5302734375,13761.5302734375,25882700
^SSMI,2026-06-16 22:00:00,13741.9501953125,13836.650390625,13732.0400390625,13815.240234375,13815.240234375,23984800
^SSMI,2026-06-17 22:00:00,13833.5498046875,13836.5498046875,13743.4296875,13765.830078125,13765.830078125,30541100
^SSMI,2026-06-18 22:00:00,13755.1904296875,13826.990234375,13727.9501953125,13774.01953125,13774.01953125,70640700
^SSMI,2026-06-21 22:00:00,13756.3896484375,13848.509765625,13706.2900390625,13848.509765625,13848.509765625,19951700
^SSMI,2026-06-22 22:00:00,13796.650390625,13911.6396484375,13779.9599609375,13910.7001953125,13910.7001953125,20845000
^SSMI,2026-06-23 22:00:00,13906.330078125,14142.3798828125,13906.0703125,14117.75,14117.75,25058200
^SSMI,2026-06-24 22:00:00,14081.2802734375,14267.650390625,14078.2998046875,14231.9599609375,14231.9599609375,20991500
^SSMI,2026-06-25 22:00:00,14197.509765625,14211.740234375,14038.4599609375,14172.7099609375,14172.7099609375,27209200
^SSMI,2026-06-28 22:00:00,14186.150390625,14223.900390625,14123.6396484375,14223.900390625,14223.900390625,19331300
^SSMI,2026-06-29 22:00:00,14245.51953125,14287.6201171875,14153.9697265625,14193.919921875,14193.919921875,24800300
^SSMI,2026-06-30 22:00:00,14191.330078125,14202.9404296875,14068.5,14114.0,14114.0,21837700
^SSMI,2026-07-01 22:00:00,14130.7099609375,14406.849609375,14120.5595703125,14352.98046875,14352.98046875,27194100
^SSMI,2026-07-02 22:00:00,14359.099609375,14426.8701171875,14311.2802734375,14424.240234375,14424.240234375,18116800
^SSMI,2026-07-05 22:00:00,14426.150390625,14464.5302734375,14235.1298828125,14302.259765625,14302.259765625,23144200
^SSMI,2026-07-06 22:00:00,14291.5703125,14428.91015625,14291.5703125,14360.4501953125,14360.4501953125,20380700
^SSMI,2026-07-07 22:00:00,14256.240234375,14259.259765625,14111.3603515625,14174.349609375,14174.349609375,22563300
^SSMI,2026-07-08 22:00:00,14207.4599609375,14238.169921875,14136.9404296875,14215.2998046875,14215.2998046875,20646700
^SSMI,2026-07-09 22:00:00,14255.7802734375,14287.9296875,14208.7900390625,14235.08984375,14235.08984375,21716500
^SSMI,2026-07-12 22:00:00,14244.900390625,14293.0302734375,14209.6103515625,14266.1796875,14266.1796875,19843900
^SSMI,2026-07-13 22:00:00,14148.599609375,14263.6103515625,14114.3701171875,14241.76953125,14241.76953125,21907400
^SSMI,2026-07-14 22:00:00,14200.6103515625,14322.080078125,14141.150390625,14307.3095703125,14307.3095703125,21812800
^SSMI,2026-07-15 22:00:00,14262.0703125,14267.1904296875,14133.1298828125,14267.1904296875,14267.1904296875,21481700
^SSMI,2026-07-16 22:00:00,14286.349609375,14354.98046875,14248.419921875,14343.7001953125,14343.7001953125,28151600
^SSMI,2026-07-19 22:00:00,14248.73046875,14341.7998046875,14222.1103515625,14254.3603515625,14254.3603515625,20951500
^SSMI,2026-07-20 22:00:00,14205.8896484375,14328.76953125,14205.0,14298.259765625,14298.259765625,21395000
^SSMI,2026-07-21 22:00:00,14271.7001953125,14427.2197265625,14250.4599609375,14315.8798828125,14315.8798828125,23888400
^SSMI,2026-07-22 22:00:00,14240.3896484375,14245.6103515625,14058.4697265625,14214.9501953125,14214.9501953125,30951000
^SSMI,2026-07-23 22:00:00,14244.6904296875,14362.599609375,14242.9404296875,14327.2001953125,14327.2001953125,18524000
^SSMI,2026-07-26 22:00:00,14441.2900390625,14472.740234375,14366.6298828125,14421.9697265625,14421.9697265625,20522800
^SSMI,2026-07-27 22:00:00,14445.0302734375,14583.8095703125,14427.73046875,14571.330078125,14571.330078125,22272700
^SSMI,2026-07-28 22:00:00,14617.349609375,14656.0498046875,14461.080078125,14486.099609375,14486.099609375,26203100
^SSMI,2026-07-29 22:00:00,14428.26953125,14535.1796875,14372.650390625,14392.490234375,14392.490234375,23050400
^SSMI,2026-07-30 22:00:00,14452.3203125,14541.419921875,14324.58984375,14346.1396484375,14346.1396484375,23778100
^SSMI,2026-08-02 22:00:00,14373.349609375,14436.1201171875,14349.5498046875,14371.76953125,14371.76953125,19468800
^SSMI,2026-08-03 22:00:00,14418.0498046875,14509.6298828125,14363.6103515625,14463.23046875,14463.23046875,21416900
^SSMI,2026-08-04 22:00:00,14514.0,14568.16015625,14466.400390625,14551.5595703125,14551.5595703125,20816700
^SSMI,2026-08-05 22:00:00,14627.2099609375,14646.3603515625,14513.3798828125,14518.75,14518.75,19128000
^SSMI,2026-08-06 22:00:00,14567.0498046875,14624.8701171875,14542.4501953125,14544.91015625,14544.91015625,17544500
^SSMI,2026-08-09 22:00:00,14574.3203125,14633.7001953125,14545.6396484375,14633.7001953125,14633.7001953125,16131000
^SSMI,2026-08-10 22:00:00,14630.3896484375,14669.509765625,14574.08984375,14575.25,14575.25,16662400
^SSMI,2026-08-11 22:00:00,14553.1396484375,14555.5,14413.150390625,14449.4697265625,14449.4697265625,17811100
^SSMI,2026-08-12 22:00:00,14460.26953125,14526.0703125,14459.25,14475.1298828125,14475.1298828125,14478700
^SSMI,2026-08-13 22:00:00,14501.150390625,14501.16015625,14342.330078125,14390.669921875,14390.669921875,12572500
^SSMI,2026-08-16 22:00:00,14353.41015625,14388.5595703125,14282.5703125,14302.3896484375,14302.3896484375,12860000
^SSMI,2026-08-17 22:00:00,14285.3603515625,14336.580078125,14251.009765625,14320.900390625,14320.900390625,15168200
^SSMI,2026-08-18 22:00:00,14304.1103515625,14411.5703125,14304.1103515625,14386.580078125,14386.580078125,18292200
^SSMI,2026-08-19 22:00:00,14395.6796875,14410.3603515625,14284.0595703125,14368.16015625,14368.16015625,13325300
^SSMI,2026-08-20 22:00:00,14315.1201171875,14473.7998046875,14279.58984375,14456.98046875,14456.98046875,17260100
^SSMI,2026-08-23 22:00:00,14448.650390625,14469.6201171875,14382.6396484375,14447.1904296875,14447.1904296875,15189800
^SSMI,2026-08-24 22:00:00,14465.2802734375,14531.7099609375,14439.66015625,14525.2900390625,14525.2900390625,13737600
^SSMI,2026-08-25 22:00:00,14548.2998046875,14605.9599609375,14534.91015625,14542.900390625,14542.900390625,16735500
^SSMI,2026-08-26 22:00:00,14445.6103515625,14459.169921875,14323.2998046875,14384.3701171875,14384.3701171875,17757000
^SSMI,2026-08-27 22:00:00,14440.1796875,14460.0498046875,14380.4296875,14399.76953125,14399.76953125,14511700
^SSMI,2026-08-30 22:00:00,14379.7001953125,14412.9697265625,14270.4599609375,14286.4296875,14286.4296875,22788000
^SSMI,2026-08-31 22:00:00,14369.6396484375,14371.9296875,14201.5,14334.7900390625,14334.7900390625,26328000
^SSMI,2026-09-01 22:00:00,14337.240234375,14382.0400390625,14253.0,14362.9697265625,14362.9697265625,20451600
^SSMI,2026-09-02 22:00:00,14356.9296875,14446.740234375,14321.4404296875,14394.76953125,14394.76953125,20429200
^SSMI,2026-09-03 22:00:00,14385.7998046875,14442.16015625,14324.4697265625,14395.9404296875,14395.9404296875,18393800
^SSMI,2026-09-06 22:00:00,14233.4599609375,14350.8095703125,14206.650390625,14279.3798828125,14279.3798828125,14119100
^SSMI,2026-09-07 22:00:00,14303.1201171875,14342.7099609375,14035.8798828125,14057.6103515625,14057.6103515625,27418800
^SSMI,2026-09-08 22:00:00,13971.48046875,13993.990234375,13804.5703125,13804.7001953125,13804.7001953125,20729000
^SSMI,2026-09-09 22:00:00,13826.0302734375,13849.330078125,13740.099609375,13740.099609375,13740.099609375,18709200
^SSMI,2026-09-10 22:00:00,13779.76953125,13871.650390625,13768.8203125,13775.26953125,13775.26953125,16538600
^SSMI,2026-09-13 22:00:00,13831.0400390625,13998.8798828125,13829.9404296875,13878.5400390625,13878.5400390625,20862800
^SSMI,2026-09-14 22:00:00,13774.8798828125,13829.7802734375,13680.9501953125,13808.8701171875,13808.8701171875,25531600
^SSMI,2026-09-15 22:00:00,13797.98046875,13890.509765625,13795.8603515625,13868.66015625,13868.66015625,24289500
^SSMI,2026-09-16 22:00:00,13919.5302734375,13982.98046875,13876.650390625,13947.3095703125,13947.3095703125,21717300
^SSMI,2026-09-17 22:00:00,13901.3203125,13964.2998046875,13786.7197265625,13786.7197265625,13786.7197265625,75347700
^SSMI,2026-09-20 22:00:00,13871.5703125,13983.5595703125,13849.6796875,13956.580078125,13956.580078125,16226800
^SSMI,2026-09-21 22:00:00,13979.2197265625,14018.330078125,13886.740234375,13953.3896484375,13953.3896484375,21973100
^SSMI,2026-09-22 22:00:00,14000.25,14031.2900390625,13918.5498046875,13921.7197265625,13921.7197265625,21096400
^SSMI,2026-09-23 22:00:00,13889.8896484375,13964.150390625,13840.6904296875,13905.8203125,13905.8203125,22102700
^SSMI,2026-09-24 22:00:00,13980.23046875,14029.6396484375,13924.900390625,13945.7099609375,13945.7099609375,21634400
^SSMI,2026-09-27 22:00:00,14034.740234375,14083.1103515625,13937.419921875,13942.91015625,13942.91015625,17378500
^SSMI,2026-09-28 22:00:00,13959.580078125,14053.259765625,13910.650390625,13912.1904296875,13912.1904296875,18935200
^SSMI,2026-09-29 22:00:00,13973.25,14036.9599609375,13830.33984375,13830.33984375,13830.33984375,26709900
^SSMI,2026-09-30 22:00:00,13720.5302734375,13796.150390625,13609.150390625,13622.849609375,13622.849609375,21277100
^SSMI,2026-10-01 22:00:00,13610.58984375,13751.669921875,13578.5400390625,13660.919921875,13660.919921875,19338500
^STI,2026-05-12 16:00:00,4964.7099609375,5008.3701171875,4963.16015625,5003.9599609375,5003.9599609375,638737900
^STI,2026-05-13 16:00:00,5013.58984375,5015.08984375,4980.52978515625,4995.93994140625,4995.93994140625,399665300
^STI,2026-05-14 16:00:00,4997.60986328125,5003.18017578125,4975.14013671875,4989.080078125,4989.080078125,348983700
^STI,2026-05-17 16:00:00,4974.89990234375,4999.93017578125,4956.52978515625,4996.75,4996.75,355604900
^STI,2026-05-18 16:00:00,5008.64013671875,5072.33984375,5001.85009765625,5072.33984375,5072.33984375,366290300
^STI,2026-05-19 16:00:00,5064.2900390625,5069.4501953125,5024.990234375,5044.91015625,5044.91015625,346984300
^STI,2026-05-20 16:00:00,5066.91015625,5073.10986328125,5028.89990234375,5045.7099609375,5045.7099609375,462747200
^STI,2026-05-21 16:00:00,5060.72998046875,5072.0,5039.7900390625,5068.14990234375,5068.14990234375,321501800
^STI,2026-05-24 16:00:00,5092.68017578125,5102.06982421875,5064.5400390625,5070.5498046875,5070.5498046875,229835200
^STI,2026-05-25 16:00:00,5070.0498046875,5072.080078125,5028.7998046875,5028.7998046875,5028.7998046875,290451000
^STI,2026-05-27 16:00:00,5019.740234375,5035.580078125,4978.7998046875,4989.18994140625,4989.18994140625,482538100
^STI,2026-05-28 16:00:00,5027.18994140625,5041.10986328125,5009.77001953125,5037.85986328125,5037.85986328125,634819900
^STI,2026-06-01 16:00:00,5048.81982421875,5097.419921875,5027.2998046875,5097.419921875,5097.419921875,420509300
^STI,2026-06-02 16:00:00,5118.8701171875,5150.68994140625,5112.85986328125,5138.240234375,5138.240234375,382675300
^STI,2026-06-03 16:00:00,5108.02001953125,5112.08984375,5064.2001953125,5067.52978515625,5067.52978515625,306999100
^STI,2026-06-04 16:00:00,5075.31005859375,5084.0,5041.580078125,5049.9599609375,5049.9599609375,335734800
^STI,2026-06-07 16:00:00,4983.919921875,4996.39990234375,4952.66015625,4963.669921875,4963.669921875,331488500
^STI,2026-06-08 16:00:00,4965.490234375,5026.759765625,4964.66015625,5023.25,5023.25,351024400
^STI,2026-06-09 16:00:00,5010.89990234375,5015.169921875,4939.52978515625,4958.85009765625,4958.85009765625,360064100
^STI,2026-06-10 16:00:00,4935.1201171875,4997.56005859375,4929.93994140625,4988.10009765625,4988.10009765625,299048400
^STI,2026-06-11 16:00:00,5025.919921875,5045.27978515625,4995.830078125,5025.7998046875,5025.7998046875,257807400
^STI,2026-06-14 16:00:00,5061.0498046875,5095.1201171875,5061.0498046875,5077.2900390625,5077.2900390625,335063600
^STI,2026-06-15 16:00:00,5078.27978515625,5122.08984375,5075.33984375,5116.85986328125,5116.85986328125,250230900
^STI,2026-06-16 16:00:00,5121.419921875,5196.9599609375,5120.18017578125,5176.4599609375,5176.4599609375,306896600
^STI,2026-06-17 16:00:00,5121.419921875,5212.83984375,5120.18017578125,5212.83984375,5212.83984375,326291000
^STI,2026-06-18 16:00:00,5213.89990234375,5226.02978515625,5159.9501953125,5192.7001953125,5192.7001953125,470882300
^STI,2026-06-21 16:00:00,5189.14013671875,5204.009765625,5174.2998046875,5204.009765625,5204.009765625,304723500
^STI,2026-06-22 16:00:00,5214.43994140625,5241.7998046875,5193.64990234375,5205.740234375,5205.740234375,304549500
^STI,2026-06-23 16:00:00,5209.93017578125,5232.18994140625,5198.64990234375,5215.990234375,5215.990234375,320082500
^STI,2026-06-24 16:00:00,5218.9501953125,5232.64013671875,5212.68994140625,5218.9599609375,5218.9599609375,327665100
^STI,2026-06-25 16:00:00,5207.60986328125,5214.10986328125,5155.9501953125,5191.72998046875,5191.72998046875,289794800
^STI,2026-06-28 16:00:00,5201.33984375,5209.7998046875,5177.83984375,5208.75,5208.75,213020700
^STI,2026-06-29 16:00:00,5211.89013671875,5213.009765625,5164.009765625,5170.64990234375,5170.64990234375,289297200
^STI,2026-06-30 16:00:00,5186.7900390625,5196.5400390625,5158.6298828125,5161.5,5161.5,245166500
^STI,2026-07-01 16:00:00,5180.2099609375,5217.14990234375,5164.9501953125,5217.14990234375,5217.14990234375,222042300
^STI,2026-07-02 16:00:00,5221.14013671875,5244.2900390625,5197.02001953125,5244.2900390625,5244.2900390625,274194000
^STI,2026-07-05 16:00:00,5239.97998046875,5261.3701171875,5233.2099609375,5259.81005859375,5259.81005859375,222353100
^STI,2026-07-06 16:00:00,5261.89013671875,5342.240234375,5261.1201171875,5342.240234375,5342.240234375,265855100
^STI,2026-07-07 16:00:00,5343.35986328125,5414.83984375,5323.330078125,5369.56982421875,5369.56982421875,234431700
^STI,2026-07-08 16:00:00,5406.02001953125,5436.97998046875,5386.58984375,5433.8798828125,5433.8798828125,287842500
^STI,2026-07-09 16:00:00,5427.85009765625,5472.10009765625,5412.509765625,5469.2900390625,5469.2900390625,266826300
^STI,2026-07-12 16:00:00,5452.35986328125,5474.85009765625,5432.5498046875,5470.33984375,5470.33984375,212568900
^STI,2026-07-13 16:00:00,5446.9501953125,5501.31005859375,5411.58984375,5495.60986328125,5495.60986328125,303603500
^STI,2026-07-14 16:00:00,5513.22021484375,5561.419921875,5501.43017578125,5559.72021484375,5559.72021484375,267795500
^STI,2026-07-15 16:00:00,5537.7099609375,5551.25,5514.2998046875,5539.3798828125,5539.3798828125,262336800
^STI,2026-07-16 16:00:00,5521.27001953125,5521.83984375,5491.509765625,5509.43017578125,5509.43017578125,313598400
^STI,2026-07-19 16:00:00,5518.5498046875,5541.81982421875,5486.5,5498.9501953125,5498.9501953125,211116500
^STI,2026-07-20 16:00:00,5501.64013671875,5543.89013671875,5493.02001953125,5526.72021484375,5526.72021484375,306526900
^STI,2026-07-21 16:00:00,5521.259765625,5595.419921875,5483.0400390625,5595.419921875,5595.419921875,309977600
^STI,2026-07-22 16:00:00,5580.89990234375,5590.39013671875,5546.43994140625,5581.759765625,5581.759765625,263841800
^STI,2026-07-23 16:00:00,5552.31005859375,5588.33984375,5539.5400390625,5588.33984375,5588.33984375,265399500
^STI,2026-07-26 16:00:00,5576.83984375,5620.68017578125,5549.18017578125,5620.240234375,5620.240234375,351125000
^STI,2026-07-27 16:00:00,5577.43017578125,5625.27001953125,5577.43017578125,5616.10986328125,5616.10986328125,371650200
^STI,2026-07-28 16:00:00,5611.58984375,5713.18994140625,5611.58984375,5713.18994140625,5713.18994140625,443580100
^STI,2026-07-29 16:00:00,5638.93994140625,5683.35009765625,5638.93994140625,5673.580078125,5673.580078125,336117600
^STI,2026-07-30 16:00:00,5633.7900390625,5654.39013671875,5604.22021484375,5628.5,5628.5,356072100
^STI,2026-08-02 16:00:00,5604.080078125,5630.490234375,5590.93017578125,5612.27978515625,5612.27978515625,332893600
^STI,2026-08-03 16:00:00,5606.64013671875,5633.83984375,5603.009765625,5612.25,5612.25,251294500
^STI,2026-08-04 16:00:00,5608.41015625,5614.83984375,5568.47998046875,5581.3701171875,5581.3701171875,298279900
^STI,2026-08-05 16:00:00,5585.27978515625,5645.72021484375,5585.27978515625,5638.990234375,5638.990234375,250275000
^STI,2026-08-06 16:00:00,5654.1201171875,5700.06982421875,5644.56005859375,5698.43017578125,5698.43017578125,354204400
^STI,2026-08-10 16:00:00,5695.18017578125,5774.2099609375,5667.0498046875,5754.169921875,5754.169921875,440917700
^STI,2026-08-11 16:00:00,5747.68017578125,5755.83984375,5707.009765625,5720.75,5720.75,335724600
^STI,2026-08-12 16:00:00,5721.83984375,5732.39013671875,5667.08984375,5720.0498046875,5720.0498046875,397743500
^STI,2026-08-13 16:00:00,5701.89990234375,5743.58984375,5668.02001953125,5743.58984375,5743.58984375,458426700
^STI,2026-08-16 16:00:00,5694.18017578125,5768.4599609375,5679.10009765625,5768.4599609375,5768.4599609375,282748300
^STI,2026-08-17 16:00:00,5728.5400390625,5738.740234375,5686.509765625,5701.39990234375,5701.39990234375,339745200
^STI,2026-08-18 16:00:00,5647.259765625,5694.240234375,5643.169921875,5694.240234375,5694.240234375,363759600
^STI,2026-08-19 16:00:00,5670.240234375,5687.93994140625,5645.39013671875,5671.91015625,5671.91015625,321687700
^STI,2026-08-20 16:00:00,5646.56005859375,5692.759765625,5640.06005859375,5688.9599609375,5688.9599609375,324460300
^STI,2026-08-23 16:00:00,5694.81982421875,5715.47021484375,5673.7099609375,5680.4599609375,5680.4599609375,217681600
^STI,2026-08-24 16:00:00,5674.35986328125,5735.68017578125,5674.22998046875,5735.68017578125,5735.68017578125,223303600
^STI,2026-08-25 16:00:00,5727.33984375,5745.22998046875,5710.39990234375,5721.58984375,5721.58984375,252195800
^STI,2026-08-26 16:00:00,5686.14990234375,5708.35009765625,5670.669921875,5684.1201171875,5684.1201171875,277633800
^STI,2026-08-27 16:00:00,5684.3798828125,5700.52001953125,5673.5498046875,5699.93017578125,5699.93017578125,220053300
^STI,2026-08-30 16:00:00,5686.14013671875,5755.35986328125,5685.919921875,5755.35986328125,5755.35986328125,474331800
^STI,2026-08-31 16:00:00,5767.16015625,5770.330078125,5694.39013671875,5710.3701171875,5710.3701171875,354053100
^STI,2026-09-01 16:00:00,5704.06005859375,5744.10986328125,5699.58984375,5744.10986328125,5744.10986328125,330116100
^STI,2026-09-02 16:00:00,5775.7001953125,5782.9599609375,5733.89990234375,5747.7099609375,5747.7099609375,257843300
^STI,2026-09-03 16:00:00,5768.22021484375,5828.5,5754.10986328125,5801.9599609375,5801.9599609375,301700800
^STI,2026-09-06 16:00:00,5792.4501953125,5803.1201171875,5768.85986328125,5792.27978515625,5792.27978515625,296231300
^STI,2026-09-07 16:00:00,5771.31005859375,5779.91015625,5751.89990234375,5767.4501953125,5767.4501953125,263928200
^STI,2026-09-08 16:00:00,5759.58984375,5763.39013671875,5706.68017578125,5729.6298828125,5729.6298828125,264729700
^STI,2026-09-09 16:00:00,5704.3798828125,5712.89013671875,5684.06005859375,5689.75,5689.75,271724100
^STI,2026-09-10 16:00:00,5698.2900390625,5710.9501953125,5669.22021484375,5695.93017578125,5695.93017578125,237580600
^STI,2026-09-13 16:00:00,5685.18017578125,5725.56005859375,5677.7900390625,5718.02001953125,5718.02001953125,305014800
^STI,2026-09-14 16:00:00,5720.669921875,5720.91015625,5632.16015625,5638.64013671875,5638.64013671875,214160300
^STI,2026-09-15 16:00:00,5647.1201171875,5687.6298828125,5627.18994140625,5635.41015625,5635.41015625,236209300
^STI,2026-09-16 16:00:00,5657.259765625,5671.1298828125,5637.85986328125,5660.52001953125,5660.52001953125,243598500
^STI,2026-09-17 16:00:00,5649.27978515625,5661.81982421875,5621.759765625,5656.10986328125,5656.10986328125,448210400
^STI,2026-09-20 16:00:00,5659.27978515625,5680.7900390625,5647.7099609375,5675.22998046875,5675.22998046875,241063200
^STI,2026-09-21 16:00:00,5675.2998046875,5737.330078125,5663.60009765625,5723.759765625,5723.759765625,288901800
^STI,2026-09-22 16:00:00,5705.9501953125,5735.97021484375,5682.580078125,5709.91015625,5709.91015625,310988900
^STI,2026-09-23 16:00:00,5702.740234375,5713.6201171875,5677.91015625,5683.3701171875,5683.3701171875,275535500
^STI,2026-09-24 16:00:00,5678.4501953125,5716.52978515625,5665.35009765625,5711.1201171875,5711.1201171875,236832600
^STI,2026-09-27 16:00:00,5703.08984375,5749.66015625,5702.35986328125,5729.02001953125,5729.02001953125,255102300
^STI,2026-09-28 16:00:00,5718.68994140625,5740.60009765625,5696.72021484375,5714.83984375,5714.83984375,269930300
^STI,2026-09-29 16:00:00,5729.6298828125,5733.52001953125,5675.8798828125,5675.8798828125,5675.8798828125,389298900
^STI,2026-09-30 16:00:00,5654.8701171875,5700.58984375,5652.81982421875,5667.669921875,5667.669921875,455317300
^STI,2026-10-01 16:00:00,5670.7001953125,5686.7900390625,5624.7001953125,5634.81982421875,5634.81982421875,275109700
^STOXX50E,2026-05-14 22:00:00,5908.7099609375,5908.7099609375,5811.240234375,5827.759765625,5827.759765625,24843000
^STOXX50E,2026-05-17 22:00:00,5797.66015625,5876.41015625,5762.14990234375,5849.0,5849.0,20686800
^STOXX50E,2026-05-18 22:00:00,5857.75,5910.47998046875,5843.58984375,5851.16015625,5851.16015625,17356200
^STOXX50E,2026-05-19 22:00:00,5856.16015625,6007.2900390625,5842.18017578125,5976.06982421875,5976.06982421875,20238100
^STOXX50E,2026-05-20 22:00:00,5966.8701171875,6008.169921875,5924.64990234375,5960.31982421875,5960.31982421875,19943100
^STOXX50E,2026-05-21 22:00:00,5985.6298828125,6036.4599609375,5985.6298828125,6019.4501953125,6019.4501953125,17524700
^STOXX50E,2026-05-25 22:00:00,6130.16015625,6130.16015625,6064.14990234375,6064.14990234375,6064.14990234375,13974700
^STOXX50E,2026-05-26 22:00:00,6069.91015625,6131.08984375,6056.64990234375,6070.5400390625,6070.5400390625,20138900
^STOXX50E,2026-05-27 22:00:00,6064.5,6077.4501953125,6023.259765625,6055.10986328125,6055.10986328125,16119700
^STOXX50E,2026-05-28 22:00:00,6064.009765625,6105.22998046875,6050.5400390625,6050.5400390625,6050.5400390625,53436400
^STOXX50E,2026-05-31 22:00:00,6053.8798828125,6080.080078125,5997.740234375,6034.9501953125,6034.9501953125,20297300
^STOXX50E,2026-06-01 22:00:00,6059.259765625,6113.39013671875,6059.259765625,6107.85009765625,6107.85009765625,15955600
^STOXX50E,2026-06-02 22:00:00,6105.169921875,6105.169921875,6050.2001953125,6053.56982421875,6053.56982421875,20190900
^STOXX50E,2026-06-03 22:00:00,6058.16015625,6103.330078125,6052.169921875,6103.330078125,6103.330078125,15767000
^STOXX50E,2026-06-04 22:00:00,6107.10009765625,6112.18017578125,6061.81982421875,6062.06982421875,6062.06982421875,16154800
^STOXX50E,2026-06-07 22:00:00,6049.7900390625,6084.52978515625,5980.3701171875,6062.2900390625,6062.2900390625,30702300
^STOXX50E,2026-06-08 22:00:00,6058.7900390625,6149.169921875,6048.5498046875,6049.740234375,6049.740234375,23961100
^STOXX50E,2026-06-09 22:00:00,6051.89990234375,6068.60986328125,5972.1201171875,6009.9501953125,6009.9501953125,24020300
^STOXX50E,2026-06-10 22:00:00,6014.72998046875,6087.830078125,6014.72998046875,6056.9599609375,6056.9599609375,19813500
^STOXX50E,2026-06-11 22:00:00,6076.43994140625,6202.39990234375,6076.43994140625,6187.6298828125,6187.6298828125,29587300
^STOXX50E,2026-06-14 22:00:00,6225.35986328125,6294.68017578125,6224.759765625,6229.43017578125,6229.43017578125,25300500
^STOXX50E,2026-06-15 22:00:00,6238.5,6287.259765625,6238.5,6257.419921875,6257.419921875,25053800
^STOXX50E,2026-06-16 22:00:00,6257.97021484375,6300.06982421875,6253.93017578125,6300.06982421875,6300.06982421875,29614000
^STOXX50E,2026-06-17 22:00:00,6301.10986328125,6334.5498046875,6282.22021484375,6323.27001953125,6323.27001953125,34923200
^STOXX50E,2026-06-18 22:00:00,6321.31005859375,6337.22021484375,6293.1298828125,6293.1298828125,6293.1298828125,54701000
^STOXX50E,2026-06-21 22:00:00,6297.43994140625,6328.6298828125,6280.83984375,6311.31982421875,6311.31982421875,22593500
^STOXX50E,2026-06-22 22:00:00,6274.7900390625,6274.7900390625,6209.1201171875,6230.5498046875,6230.5498046875,20680200
^STOXX50E,2026-06-23 22:00:00,6234.7099609375,6243.52001953125,6189.06005859375,6214.7001953125,6214.7001953125,19235900
^STOXX50E,2026-06-24 22:00:00,6211.56982421875,6279.52978515625,6211.56982421875,6267.52978515625,6267.52978515625,22517200
^STOXX50E,2026-06-25 22:00:00,6261.39013671875,6261.39013671875,6181.93017578125,6221.5498046875,6221.5498046875,19255900
^STOXX50E,2026-06-28 22:00:00,6224.740234375,6240.0,6202.490234375,6231.6298828125,6231.6298828125,18393200
^STOXX50E,2026-06-29 22:00:00,6247.85009765625,6329.419921875,6247.85009765625,6328.08984375,6328.08984375,24809500
^STOXX50E,2026-06-30 22:00:00,6325.68017578125,6327.919921875,6266.68017578125,6282.5,6282.5,18029800
^STOXX50E,2026-07-01 22:00:00,6282.06982421875,6393.830078125,6268.1298828125,6360.47021484375,6360.47021484375,23189400
^STOXX50E,2026-07-02 22:00:00,6373.35986328125,6420.43994140625,6368.14990234375,6412.68017578125,6412.68017578125,14021200
^STOXX50E,2026-07-05 22:00:00,6405.5400390625,6431.419921875,6376.9599609375,6398.009765625,6398.009765625,15983700
^STOXX50E,2026-07-06 22:00:00,6379.3701171875,6395.06982421875,6319.85986328125,6319.85986328125,6319.85986328125,18324400
^STOXX50E,2026-07-07 22:00:00,6315.93994140625,6315.93994140625,6180.93994140625,6204.91015625,6204.91015625,24817100
^STOXX50E,2026-07-08 22:00:00,6236.41015625,6288.009765625,6228.33984375,6284.27001953125,6284.27001953125,17934500
^STOXX50E,2026-07-09 22:00:00,6266.830078125,6287.7099609375,6242.35009765625,6269.97021484375,6269.97021484375,15882500
^STOXX50E,2026-07-12 22:00:00,6243.52001953125,6282.9599609375,6242.2900390625,6271.02001953125,6271.02001953125,15254800
^STOXX50E,2026-07-13 22:00:00,6248.3701171875,6288.68994140625,6211.9599609375,6280.18994140625,6280.18994140625,16805400
^STOXX50E,2026-07-14 22:00:00,6270.77001953125,6296.0400390625,6255.60009765625,6265.580078125,6265.580078125,16829500
^STOXX50E,2026-07-15 22:00:00,6273.10009765625,6283.60986328125,6208.259765625,6283.60986328125,6283.60986328125,17932200
^STOXX50E,2026-07-16 22:00:00,6270.93994140625,6270.93994140625,6194.39013671875,6230.8701171875,6230.8701171875,23512700
^STOXX50E,2026-07-19 22:00:00,6224.080078125,6264.43994140625,6215.3798828125,6227.39990234375,6227.39990234375,16975600
^STOXX50E,2026-07-20 22:00:00,6230.080078125,6285.6298828125,6230.080078125,6285.6298828125,6285.6298828125,16680300
^STOXX50E,2026-07-21 22:00:00,6271.06005859375,6326.990234375,6252.7099609375,6316.990234375,6316.990234375,19935600
^STOXX50E,2026-07-22 22:00:00,6308.759765625,6308.759765625,6197.1201171875,6210.169921875,6210.169921875,22947900
^STOXX50E,2026-07-23 22:00:00,6208.990234375,6280.93994140625,6205.85009765625,6280.93994140625,6280.93994140625,15946900
^STOXX50E,2026-07-26 22:00:00,6287.7998046875,6369.52001953125,6282.2099609375,6282.2099609375,6282.2099609375,20763200
^STOXX50E,2026-07-27 22:00:00,6297.2001953125,6316.27978515625,6255.6201171875,6289.509765625,6289.509765625,18886900
^STOXX50E,2026-07-28 22:00:00,6282.77978515625,6305.8798828125,6235.77978515625,6248.83984375,6248.83984375,22630200
^STOXX50E,2026-07-29 22:00:00,6245.2998046875,6356.31005859375,6245.2998046875,6344.39990234375,6344.39990234375,20682300
^STOXX50E,2026-07-30 22:00:00,6354.7900390625,6421.740234375,6332.580078125,6358.009765625,6358.009765625,23105100
^STOXX50E,2026-08-02 22:00:00,6361.2099609375,6437.72998046875,6361.2099609375,6426.5,6426.5,21899400
^STOXX50E,2026-08-03 22:00:00,6445.7900390625,6490.33984375,6445.7900390625,6486.7001953125,6486.7001953125,20432600
^STOXX50E,2026-08-04 22:00:00,6493.77001953125,6518.990234375,6475.669921875,6476.97998046875,6476.97998046875,18125500
^STOXX50E,2026-08-05 22:00:00,6489.330078125,6528.4599609375,6489.330078125,6502.56005859375,6502.56005859375,18990200
^STOXX50E,2026-08-06 22:00:00,6508.1298828125,6559.990234375,6508.1298828125,6523.85986328125,6523.85986328125,16973000
^STOXX50E,2026-08-09 22:00:00,6520.06982421875,6558.52978515625,6520.06982421875,6535.6201171875,6535.6201171875,13174500
^STOXX50E,2026-08-10 22:00:00,6538.77978515625,6576.2998046875,6529.60009765625,6551.22021484375,6551.22021484375,13470800
^STOXX50E,2026-08-11 22:00:00,6556.83984375,6577.2001953125,6525.81982421875,6533.990234375,6533.990234375,15908200
^STOXX50E,2026-08-12 22:00:00,6542.0,6574.7001953125,6542.0,6545.47021484375,6545.47021484375,14939600
^STOXX50E,2026-08-13 22:00:00,6544.7900390625,6567.56982421875,6534.330078125,6539.58984375,6539.58984375,14174900
^STOXX50E,2026-08-16 22:00:00,6548.16015625,6570.27001953125,6530.4501953125,6530.4501953125,6530.4501953125,12451700
^STOXX50E,2026-08-17 22:00:00,6518.080078125,6518.080078125,6465.2900390625,6468.169921875,6468.169921875,16264900
^STOXX50E,2026-08-18 22:00:00,6475.419921875,6493.91015625,6444.4599609375,6444.4599609375,6444.4599609375,19523900
^STOXX50E,2026-08-19 22:00:00,6447.3701171875,6451.509765625,6406.66015625,6422.06005859375,6422.06005859375,13905900
^STOXX50E,2026-08-20 22:00:00,6426.580078125,6466.580078125,6426.580078125,6462.22021484375,6462.22021484375,16789800
^STOXX50E,2026-08-23 22:00:00,6453.91015625,6467.18994140625,6437.47021484375,6447.97998046875,6447.97998046875,12271200
^STOXX50E,2026-08-24 22:00:00,6467.56005859375,6489.56982421875,6452.35009765625,6455.6298828125,6455.6298828125,13154800
^STOXX50E,2026-08-25 22:00:00,6462.52978515625,6497.77001953125,6453.81005859375,6470.740234375,6470.740234375,13719200
^STOXX50E,2026-08-26 22:00:00,6486.43994140625,6490.1298828125,6415.56982421875,6424.72998046875,6424.72998046875,16943800
^STOXX50E,2026-08-27 22:00:00,6448.4599609375,6498.4501953125,6448.4599609375,6485.669921875,6485.669921875,13551200
^STOXX50E,2026-08-30 22:00:00,6477.31982421875,6481.60009765625,6420.16015625,6420.16015625,6420.16015625,24214800
^STOXX50E,2026-08-31 22:00:00,6425.2998046875,6426.0,6354.25,6368.97998046875,6368.97998046875,18766600
^STOXX50E,2026-09-01 22:00:00,6363.77978515625,6375.830078125,6330.18994140625,6362.14990234375,6362.14990234375,18130700
^STOXX50E,2026-09-02 22:00:00,6363.16015625,6383.7998046875,6339.0400390625,6382.58984375,6382.58984375,16414500
^STOXX50E,2026-09-03 22:00:00,6380.7001953125,6409.3798828125,6363.35009765625,6392.93017578125,6392.93017578125,13890100
^STOXX50E,2026-09-06 22:00:00,6384.93994140625,6407.8701171875,6370.52978515625,6403.990234375,6403.990234375,10797200
^STOXX50E,2026-09-07 22:00:00,6394.009765625,6416.35986328125,6362.4501953125,6413.169921875,6413.169921875,14230500
^STOXX50E,2026-09-08 22:00:00,6395.009765625,6395.009765625,6275.33984375,6311.56005859375,6311.56005859375,21292800
^STOXX50E,2026-09-09 22:00:00,6315.8701171875,6329.47998046875,6262.47998046875,6268.97021484375,6268.97021484375,14905700
^STOXX50E,2026-09-10 22:00:00,6291.52001953125,6341.43994140625,6285.10986328125,6325.1298828125,6325.1298828125,15644800
^STOXX50E,2026-09-13 22:00:00,6308.9501953125,6308.9501953125,6234.330078125,6260.3798828125,6260.3798828125,17625000
^STOXX50E,2026-09-14 22:00:00,6248.10009765625,6265.25,6194.18017578125,6236.5,6236.5,17347000
^STOXX50E,2026-09-15 22:00:00,6251.5498046875,6282.56005859375,6240.66015625,6266.5,6266.5,16723000
^STOXX50E,2026-09-16 22:00:00,6293.27001953125,6337.66015625,6285.14990234375,6322.89990234375,6322.89990234375,17658700
^STOXX50E,2026-09-17 22:00:00,6329.240234375,6329.240234375,6223.1201171875,6236.2001953125,6236.2001953125,56283000
^STOXX50E,2026-09-20 22:00:00,6243.43994140625,6325.10986328125,6243.43994140625,6318.2001953125,6318.2001953125,16829100
^STOXX50E,2026-09-21 22:00:00,6329.31982421875,6356.89013671875,6286.41015625,6324.72021484375,6324.72021484375,18957300
^STOXX50E,2026-09-22 22:00:00,6334.43994140625,6361.60986328125,6289.18017578125,6299.81982421875,6299.81982421875,17716600
^STOXX50E,2026-09-23 22:00:00,6277.58984375,6304.8701171875,6250.06005859375,6272.5,6272.5,17251400
^STOXX50E,2026-09-24 22:00:00,6285.509765625,6338.02978515625,6285.509765625,6302.81982421875,6302.81982421875,17755200
^STOXX50E,2026-09-27 22:00:00,6311.77001953125,6346.990234375,6287.669921875,6301.27978515625,6301.27978515625,16578500
^STOXX50E,2026-09-28 22:00:00,6307.0,6365.39990234375,6307.0,6320.259765625,6320.259765625,17676500
^STOXX50E,2026-09-29 22:00:00,6327.259765625,6359.669921875,6268.72998046875,6269.02001953125,6269.02001953125,25922600
^STOXX50E,2026-09-30 22:00:00,6255.77001953125,6257.97998046875,6169.56982421875,6175.4501953125,6175.4501953125,28090800
^STOXX50E,2026-10-01 22:00:00,6192.580078125,6259.2998046875,6183.39990234375,6238.5,6238.5,26189200
^TWII,2026-05-11 16:00:00,41880.66015625,42253.421875,41471.5703125,41898.3203125,41898.3203125,8332000
^TWII,2026-05-12 16:00:00,41795.921875,41795.921875,41014.53125,41374.5,41374.5,8129100
^TWII,2026-05-13 16:00:00,41496.23046875,42205.62109375,41496.23046875,41751.75,41751.75,7982100
^TWII,2026-05-14 16:00:00,41830.421875,42408.66015625,41016.73046875,41172.359375,41172.359375,8185700
^TWII,2026-05-17 16:00:00,41095.8203125,41095.8203125,40170.171875,40891.8203125,40891.8203125,6319000
^TWII,2026-05-18 16:00:00,40883.421875,40951.55859375,40168.51171875,40175.55859375,40175.55859375,6548000
^TWII,2026-05-19 16:00:00,40204.16015625,40439.0390625,39967.078125,40020.8203125,40020.8203125,6049500
^TWII,2026-05-20 16:00:00,40263.1796875,41606.91015625,40263.1796875,41368.2109375,41368.2109375,6705300
^TWII,2026-05-21 16:00:00,41447.921875,42357.6015625,41447.921875,42267.96875,42267.96875,7704200
^TWII,2026-05-24 16:00:00,42667.87109375,43645.78125,42667.87109375,43644.3984375,43644.3984375,8500300
^TWII,2026-05-25 16:00:00,43708.890625,44097.62890625,43349.76953125,43525.37109375,43525.37109375,11150100
^TWII,2026-05-26 16:00:00,43842.26171875,44818.25,43842.26171875,44256.80078125,44256.80078125,10615800
^TWII,2026-05-27 16:00:00,44240.80078125,44954.08984375,43236.359375,43636.44140625,43636.44140625,10946500
^TWII,2026-05-28 16:00:00,43815.48046875,44933.94921875,43815.48046875,44732.94140625,44732.94140625,12618300
^TWII,2026-05-31 16:00:00,44872.8203125,45931.1015625,44872.8203125,45337.91015625,45337.91015625,9887600
^TWII,2026-06-01 16:00:00,45388.9296875,45915.921875,44869.37890625,45557.30859375,45557.30859375,11590000
^TWII,2026-06-02 16:00:00,45660.4609375,46552.16015625,45660.4609375,46459.16015625,46459.16015625,11629900
^TWII,2026-06-03 16:00:00,46364.0703125,46364.0703125,45677.4609375,45677.4609375,45677.4609375,10148400
^TWII,2026-06-04 16:00:00,45619.8203125,45619.8203125,44209.53125,45070.94140625,45070.94140625,8445300
^TWII,2026-06-07 16:00:00,44507.48828125,44507.48828125,42376.859375,43502.78125,43502.78125,6465800
^TWII,2026-06-08 16:00:00,43687.62109375,44821.7109375,43687.62109375,44704.44140625,44704.44140625,7468300
^TWII,2026-06-09 16:00:00,44581.44921875,44676.48828125,43225.5390625,43225.5390625,43225.5390625,7804700
^TWII,2026-06-10 16:00:00,43172.2109375,43463.03125,42006.390625,43149.4609375,43149.4609375,6756200
^TWII,2026-06-11 16:00:00,43587.62890625,44798.87890625,43587.62890625,44169.0390625,44169.0390625,6583000
^TWII,2026-06-14 16:00:00,44447.87109375,45483.62890625,44447.87109375,45396.98828125,45396.98828125,6161900
^TWII,2026-06-15 16:00:00,45500.078125,45809.19140625,45266.33984375,45809.19140625,45809.19140625,6574400
^TWII,2026-06-16 16:00:00,45685.26953125,45877.390625,45159.51171875,45877.390625,45877.390625,6992700
^TWII,2026-06-17 16:00:00,45972.26171875,46565.69921875,45972.26171875,46465.19921875,46465.19921875,9801100
^TWII,2026-06-21 16:00:00,46679.5703125,47871.19140625,46679.5703125,47741.51171875,47741.51171875,8634300
^TWII,2026-06-22 16:00:00,47795.08984375,48218.87109375,47100.6484375,47100.6484375,47100.6484375,9602200
^TWII,2026-06-23 16:00:00,46909.98046875,46909.98046875,45819.7109375,46043.6015625,46043.6015625,8877500
^TWII,2026-06-24 16:00:00,46339.6796875,46785.44921875,46048.69921875,46255.26171875,46255.26171875,7621600
^TWII,2026-06-25 16:00:00,46188.6015625,46188.6015625,44454.21875,44571.76171875,44571.76171875,7695600
^TWII,2026-06-28 16:00:00,44594.80859375,45521.62890625,44594.80859375,44999.8984375,44999.8984375,6052400
^TWII,2026-06-29 16:00:00,45165.80078125,46637.859375,45165.80078125,46125.91015625,46125.91015625,7182400
^TWII,2026-06-30 16:00:00,46234.69921875,47293.1015625,46234.69921875,47018.98828125,47018.98828125,8429000
^TWII,2026-07-01 16:00:00,46833.890625,46910.30859375,45981.890625,46744.16015625,46744.16015625,6148400
^TWII,2026-07-02 16:00:00,46545.140625,46948.828125,45880.69140625,46780.62109375,46780.62109375,6606400
^TWII,2026-07-05 16:00:00,46897.1796875,47395.30078125,46431.37890625,46556.390625,46556.390625,7246000
^TWII,2026-07-06 16:00:00,46537.33984375,46967.0390625,45432.01953125,45479.109375,45479.109375,7141700
^TWII,2026-07-07 16:00:00,45524.69140625,45837.12109375,45036.640625,45734.41015625,45734.41015625,5691300
^TWII,2026-07-08 16:00:00,45805.62109375,46064.05859375,45352.41015625,45354.609375,45354.609375,5765500
^TWII,2026-07-12 16:00:00,45500.3203125,46330.91015625,45272.8984375,45380.51953125,45380.51953125,6161200
^TWII,2026-07-13 16:00:00,45364.3984375,45364.3984375,43654.0390625,44737.94921875,44737.94921875,6654600
^TWII,2026-07-14 16:00:00,44850.69140625,45881.91015625,44850.69140625,45631.58984375,45631.58984375,5330100
^TWII,2026-07-15 16:00:00,45511.98046875,45855.01953125,44970.640625,45624.98046875,45624.98046875,5267400
^TWII,2026-07-16 16:00:00,45234.078125,45234.078125,42671.26953125,42671.26953125,42671.26953125,6385100
^TWII,2026-07-19 16:00:00,42793.1484375,43084.51171875,41967.75,42449.69921875,42449.69921875,5678000
^TWII,2026-07-20 16:00:00,42566.9296875,44232.87109375,42566.9296875,44232.87109375,44232.87109375,4764300
^TWII,2026-07-21 16:00:00,44513.75,45323.75,44513.75,44825.78125,44825.78125,5389000
^TWII,2026-07-22 16:00:00,44899.0390625,45089.8203125,44340.76171875,44850.80859375,44850.80859375,5159100
^TWII,2026-07-23 16:00:00,44769.390625,44769.390625,43607.3984375,43654.83984375,43654.83984375,4337700
^TWII,2026-07-26 16:00:00,43585.921875,43686.1484375,42969.48046875,43634.19140625,43634.19140625,4260000
^TWII,2026-07-27 16:00:00,43221.9296875,43221.9296875,41565.0,41603.359375,41603.359375,4492500
^TWII,2026-07-28 16:00:00,41491.48046875,41698.390625,39384.8515625,40039.1796875,40039.1796875,6323100
^TWII,2026-07-29 16:00:00,40048.94140625,41155.421875,39404.6484375,39933.30078125,39933.30078125,5907800
^TWII,2026-07-30 16:00:00,41610.41015625,43214.359375,41610.41015625,43119.75,43119.75,4859500
^TWII,2026-08-02 16:00:00,42780.421875,43784.19140625,42780.421875,43386.41015625,43386.41015625,4688600
^TWII,2026-08-03 16:00:00,43092.48828125,43912.76953125,42895.80859375,43360.66015625,43360.66015625,5057500
^TWII,2026-08-04 16:00:00,43809.828125,44980.30859375,43809.828125,44611.6015625,44611.6015625,5687100
^TWII,2026-08-05 16:00:00,44487.94140625,44601.23828125,44024.3203125,44396.69921875,44396.69921875,4904700
^TWII,2026-08-06 16:00:00,44450.19140625,44827.12890625,43941.55859375,44225.91015625,44225.91015625,4388800
^TWII,2026-08-09 16:00:00,44540.7109375,45219.3984375,44540.7109375,44928.76171875,44928.76171875,4876600
^TWII,2026-08-10 16:00:00,44883.8984375,45195.41015625,44652.05859375,45120.71875,45120.71875,5060400
^TWII,2026-08-11 16:00:00,45175.69921875,45529.48046875,45175.69921875,45518.0703125,45518.0703125,4839900
^TWII,2026-08-12 16:00:00,45676.5390625,46216.41015625,45676.5390625,46021.48046875,46021.48046875,5570900
^TWII,2026-08-13 16:00:00,46103.80859375,46402.6015625,45798.30859375,45811.01171875,45811.01171875,5810000
^TWII,2026-08-16 16:00:00,45841.171875,46189.30078125,45765.0703125,45857.26953125,45857.26953125,5099900
^TWII,2026-08-17 16:00:00,45922.3984375,46064.08984375,45225.421875,45308.6796875,45308.6796875,4575200
^TWII,2026-08-18 16:00:00,45071.33984375,45071.33984375,44308.7109375,44719.3515625,44719.3515625,4290600
^TWII,2026-08-19 16:00:00,44942.01171875,45160.05078125,44446.359375,44933.73828125,44933.73828125,4170000
^TWII,2026-08-20 16:00:00,44923.33984375,45254.83984375,44583.87109375,45224.2890625,45224.2890625,3779900
^TWII,2026-08-23 16:00:00,45240.30078125,45362.30078125,44761.87890625,44762.3203125,44762.3203125,3853700
^TWII,2026-08-24 16:00:00,44728.359375,45169.4609375,44210.30859375,45169.4609375,45169.4609375,3925500
^TWII,2026-08-25 16:00:00,45157.640625,45878.390625,44925.83984375,45832.62109375,45832.62109375,4026600
^TWII,2026-08-26 16:00:00,45890.1796875,46401.78125,45890.1796875,45975.21875,45975.21875,4494100
^TWII,2026-08-27 16:00:00,46070.828125,46574.51953125,46070.828125,46331.44921875,46331.44921875,5073800
^TWII,2026-08-30 16:00:00,46224.69140625,46224.69140625,45450.2109375,46128.46875,46128.46875,7217600
^TWII,2026-08-31 16:00:00,46177.109375,46948.71875,46081.109375,46948.71875,46948.71875,5018300
^TWII,2026-09-01 16:00:00,46901.3203125,46946.6015625,46164.71875,46164.71875,46164.71875,4100600
^TWII,2026-09-02 16:00:00,46325.48046875,46517.44921875,45839.359375,45857.66015625,45857.66015625,5351000
^TWII,2026-09-03 16:00:00,45991.28125,46620.9609375,45966.859375,46551.12890625,46551.12890625,3967200
^TWII,2026-09-06 16:00:00,46724.0,47429.578125,46724.0,47326.26953125,47326.26953125,4656500
^TWII,2026-09-07 16:00:00,47335.23828125,47578.23828125,47023.73046875,47105.78125,47105.78125,4458900
^TWII,2026-09-08 16:00:00,47142.73828125,47548.26171875,47060.78125,47183.359375,47183.359375,4443100
^TWII,2026-09-09 16:00:00,47130.9609375,47130.9609375,46573.46875,46940.48828125,46940.48828125,3857900
^TWII,2026-09-10 16:00:00,46651.2109375,46651.2109375,45942.44140625,46184.8515625,46184.8515625,3896000
^TWII,2026-09-13 16:00:00,46010.73828125,46050.23828125,45398.4296875,45862.51953125,45862.51953125,3400000
^TWII,2026-09-14 16:00:00,45847.26953125,46009.8515625,45491.96875,45511.48828125,45511.48828125,3225500
^TWII,2026-09-15 16:00:00,45546.55859375,46077.8203125,45546.55859375,45848.8984375,45848.8984375,3326700
^TWII,2026-09-16 16:00:00,45936.109375,46874.83984375,45936.109375,46288.0,46288.0,4395100
^TWII,2026-09-17 16:00:00,46449.55859375,47180.75,46449.55859375,47180.75,47180.75,5651200
^TWII,2026-09-20 16:00:00,47207.30078125,47750.98046875,47207.30078125,47718.83984375,47718.83984375,4475500
^TWII,2026-09-21 16:00:00,47981.0390625,48601.53125,47800.171875,47800.171875,47800.171875,5924900
^TWII,2026-09-22 16:00:00,47894.76953125,48341.55859375,47894.76953125,48157.2890625,48157.2890625,4866300
^TWII,2026-09-23 16:00:00,48075.390625,48117.5390625,47754.71875,48024.6015625,48024.6015625,3540900
^TWII,2026-09-28 16:00:00,47873.890625,48045.12890625,47573.08984375,47631.9609375,47631.9609375,3781300
^TWII,2026-09-29 16:00:00,47767.48828125,48379.7109375,47767.48828125,47940.12890625,47940.12890625,5111100
^TWII,2026-09-30 16:00:00,47961.98046875,48353.48828125,47893.421875,48353.48828125,48353.48828125,5202400
^TWII,2026-10-01 16:00:00,48390.6484375,48491.62109375,48205.80859375,48475.73828125,48475.73828125,4714000
^VIX,2026-05-14 05:00:00,17.860000610351562,18.079999923706055,17.200000762939453,17.260000228881836,17.260000228881836,0
^VIX,2026-05-15 05:00:00,18.06999969482422,19.270000457763672,17.799999237060547,18.43000030517578,18.43000030517578,0
^VIX,2026-05-18 05:00:00,19.25,19.440000534057617,17.700000762939453,17.81999969482422,17.81999969482422,0
^VIX,2026-05-19 05:00:00,18.010000228881836,18.36000061035156,17.65999984741211,18.059999465942383,18.059999465942383,0
^VIX,2026-05-20 05:00:00,18.170000076293945,18.18000030517578,17.1299991607666,17.440000534057617,17.440000534057617,0
^VIX,2026-05-21 05:00:00,17.579999923706055,17.8700008392334,16.600000381469727,16.760000228881836,16.760000228881836,0
^VIX,2026-05-22 05:00:00,16.829999923706055,17.389999389648438,16.459999084472656,16.700000762939453,16.700000762939453,0
^VIX,2026-05-25 05:00:00,16.809999465942383,16.8700008392334,16.530000686645508,16.59000015258789,16.59000015258789,0
^VIX,2026-05-26 05:00:00,16.920000076293945,17.229999542236328,16.559999465942383,17.010000228881836,17.010000228881836,0
^VIX,2026-05-27 05:00:00,17.010000228881836,17.18000030517578,16.290000915527344,16.290000915527344,16.290000915527344,0
^VIX,2026-05-28 05:00:00,16.760000228881836,16.850000381469727,15.609999656677246,15.739999771118164,15.739999771118164,0
^VIX,2026-05-29 05:00:00,15.8100004196167,15.880000114440918,15.220000267028809,15.31999969482422,15.31999969482422,0
^VIX,2026-06-01 05:00:00,15.880000114440918,16.34000015258789,15.710000038146973,16.049999237060547,16.049999237060547,0
^VIX,2026-06-02 05:00:00,16.280000686645508,16.290000915527344,15.710000038146973,15.770000457763672,15.770000457763672,0
^VIX,2026-06-03 05:00:00,15.970000267028809,16.6299991607666,15.9399995803833,16.059999465942383,16.059999465942383,0
^VIX,2026-06-04 05:00:00,16.329999923706055,16.799999237060547,15.18000030517578,15.399999618530272,15.399999618530272,0
^VIX,2026-06-05 05:00:00,15.869999885559082,21.56999969482422,15.5600004196167,21.510000228881836,21.510000228881836,0
^VIX,2026-06-08 05:00:00,20.290000915527344,20.350000381469727,17.940000534057617,18.920000076293945,18.920000076293945,0
^VIX,2026-06-09 05:00:00,18.190000534057617,23.34000015258789,17.520000457763672,19.8700008392334,19.8700008392334,0
^VIX,2026-06-10 05:00:00,20.100000381469727,22.65999984741211,20.059999465942383,22.219999313354492,22.219999313354492,0
^VIX,2026-06-11 05:00:00,21.25,22.59000015258789,19.36000061035156,19.440000534057617,19.440000534057617,0
^VIX,2026-06-12 05:00:00,19.510000228881836,19.850000381469727,17.59000015258789,17.68000030517578,17.68000030517578,0
^VIX,2026-06-15 05:00:00,16.780000686645508,16.850000381469727,15.979999542236328,16.200000762939453,16.200000762939453,0
^VIX,2026-06-16 05:00:00,16.200000762939453,16.440000534057617,15.770000457763672,16.40999984741211,16.40999984741211,0
^VIX,2026-06-17 05:00:00,16.079999923706055,18.84000015258789,16.020000457763672,18.440000534057617,18.440000534057617,0
^VIX,2026-06-18 05:00:00,17.229999542236328,17.600000381469727,16.350000381469727,16.399999618530273,16.399999618530273,0
^VIX,2026-06-22 05:00:00,17.479999542236328,17.920000076293945,16.489999771118164,17.280000686645508,17.280000686645508,0
^VIX,2026-06-23 05:00:00,19.670000076293945,20.540000915527344,18.61000061035156,19.489999771118164,19.489999771118164,0
^VIX,2026-06-24 05:00:00,19.1299991607666,20.34000015258789,18.040000915527344,18.6299991607666,18.6299991607666,0
^VIX,2026-06-25 05:00:00,18.11000061035156,19.950000762939453,17.719999313354492,18.88999938964844,18.88999938964844,0
^VIX,2026-06-26 05:00:00,19.700000762939453,20.719999313354492,18.200000762939453,18.40999984741211,18.40999984741211,0
^VIX,2026-06-29 05:00:00,18.600000381469727,19.450000762939453,17.489999771118164,17.649999618530273,17.649999618530273,0
^VIX,2026-06-30 05:00:00,17.540000915527344,17.75,16.270000457763672,16.450000762939453,16.450000762939453,0
^VIX,2026-07-01 05:00:00,17.110000610351562,17.299999237060547,15.970000267028809,16.59000015258789,16.59000015258789,0
^VIX,2026-07-02 05:00:00,17.049999237060547,17.209999084472656,15.789999961853027,16.149999618530273,16.149999618530273,0
^VIX,2026-07-06 05:00:00,16.399999618530273,16.5,15.5600004196167,15.56999969482422,15.56999969482422,0
^VIX,2026-07-07 05:00:00,15.869999885559082,16.639999389648438,15.529999732971191,16.1299991607666,16.1299991607666,0
^VIX,2026-07-08 05:00:00,16.549999237060547,18.90999984741211,16.350000381469727,16.899999618530273,16.899999618530273,0
^VIX,2026-07-09 05:00:00,16.579999923706055,17.270000457763672,15.760000228881836,15.84000015258789,15.84000015258789,0
^VIX,2026-07-10 05:00:00,16.059999465942383,16.15999984741211,14.960000038146973,15.029999732971191,15.029999732971191,0
^VIX,2026-07-13 05:00:00,16.31999969482422,17.40999984741211,16.030000686645508,17.15999984741211,17.15999984741211,0
^VIX,2026-07-14 05:00:00,17.209999084472656,17.559999465942383,16.149999618530273,16.5,16.5,0
^VIX,2026-07-15 05:00:00,16.200000762939453,16.56999969482422,15.640000343322754,15.670000076293944,15.670000076293944,0
^VIX,2026-07-16 05:00:00,15.81999969482422,17.229999542236328,15.770000457763672,16.729999542236328,16.729999542236328,0
^VIX,2026-07-17 05:00:00,18.010000228881836,19.5,17.68000030517578,18.770000457763672,18.770000457763672,0
^VIX,2026-07-20 05:00:00,18.899999618530273,18.940000534057617,17.40999984741211,18.649999618530273,18.649999618530273,0
^VIX,2026-07-21 05:00:00,17.479999542236328,17.989999771118164,16.860000610351562,17.049999237060547,17.049999237060547,0
^VIX,2026-07-22 05:00:00,17.420000076293945,19.489999771118164,16.639999389648438,16.639999389648438,16.639999389648438,0
^VIX,2026-07-23 05:00:00,17.670000076293945,20.309999465942383,17.31999969482422,18.700000762939453,18.700000762939453,0
^VIX,2026-07-24 05:00:00,18.959999084472656,19.049999237060547,17.40999984741211,18.579999923706055,18.579999923706055,0
^VIX,2026-07-27 05:00:00,17.6200008392334,19.93000030517578,17.530000686645508,18.670000076293945,18.670000076293945,0
^VIX,2026-07-28 05:00:00,19.049999237060547,19.520000457763672,17.8799991607666,18.209999084472656,18.209999084472656,0
^VIX,2026-07-29 05:00:00,18.270000457763672,20.8799991607666,17.450000762939453,20.65999984741211,20.65999984741211,0
^VIX,2026-07-30 05:00:00,19.559999465942383,20.079999923706055,17.0,17.09000015258789,17.09000015258789,0
^VIX,2026-07-31 05:00:00,16.81999969482422,18.700000762939453,15.81999969482422,15.989999771118164,15.989999771118164,0
^VIX,2026-08-03 05:00:00,16.030000686645508,16.299999237060547,15.539999961853027,15.859999656677246,15.859999656677246,0
^VIX,2026-08-04 05:00:00,15.760000228881836,16.649999618530273,15.510000228881836,16.5,16.5,0
^VIX,2026-08-05 05:00:00,16.149999618530273,18.43000030517578,15.479999542236328,15.8100004196167,15.8100004196167,0
^VIX,2026-08-06 05:00:00,15.829999923706056,16.030000686645508,15.109999656677246,15.149999618530272,15.149999618530272,0
^VIX,2026-08-07 05:00:00,15.300000190734863,15.359999656677246,14.770000457763672,14.899999618530272,14.899999618530272,0
^VIX,2026-08-10 05:00:00,15.399999618530272,15.720000267028809,15.100000381469728,15.460000038146973,15.460000038146973,0
^VIX,2026-08-11 05:00:00,15.420000076293944,15.609999656677246,15.229999542236328,15.279999732971191,15.279999732971191,0
^VIX,2026-08-12 05:00:00,15.279999732971191,15.420000076293944,14.390000343322754,14.550000190734863,14.550000190734863,0
^VIX,2026-08-13 05:00:00,14.68000030517578,14.800000190734863,14.390000343322754,14.630000114440918,14.630000114440918,0
^VIX,2026-08-14 05:00:00,14.640000343322754,14.720000267028809,14.18000030517578,14.25,14.25,0
^VIX,2026-08-17 05:00:00,14.979999542236328,15.470000267028809,14.890000343322754,15.1899995803833,15.1899995803833,0
^VIX,2026-08-18 05:00:00,15.8100004196167,16.09000015258789,15.600000381469728,15.84000015258789,15.84000015258789,0
^VIX,2026-08-19 05:00:00,15.920000076293944,15.949999809265137,14.770000457763672,14.890000343322754,14.890000343322754,0
^VIX,2026-08-20 05:00:00,14.90999984741211,16.139999389648438,14.90999984741211,16.010000228881836,16.010000228881836,0
^VIX,2026-08-21 05:00:00,15.81999969482422,15.880000114440918,15.079999923706056,15.130000114440918,15.130000114440918,0
^VIX,2026-08-24 05:00:00,15.899999618530272,16.059999465942383,15.609999656677246,15.850000381469728,15.850000381469728,0
^VIX,2026-08-25 05:00:00,15.710000038146973,16.299999237060547,15.130000114440918,15.449999809265137,15.449999809265137,0
^VIX,2026-08-26 05:00:00,15.649999618530272,15.739999771118164,15.210000038146973,15.210000038146973,15.210000038146973,0
^VIX,2026-08-27 05:00:00,14.920000076293944,15.130000114440918,14.420000076293944,14.510000228881836,14.510000228881836,0
^VIX,2026-08-28 05:00:00,14.56999969482422,14.84000015258789,14.130000114440918,14.43000030517578,14.43000030517578,0
^VIX,2026-08-31 05:00:00,15.239999771118164,15.479999542236328,14.859999656677246,14.920000076293944,14.920000076293944,0
^VIX,2026-09-01 05:00:00,14.949999809265137,16.799999237060547,14.949999809265137,16.34000015258789,16.34000015258789,0
^VIX,2026-09-02 05:00:00,16.389999389648438,16.81999969482422,15.119999885559082,15.199999809265137,15.199999809265137,0
^VIX,2026-09-03 05:00:00,15.25,15.4399995803833,14.229999542236328,14.31999969482422,14.31999969482422,0
^VIX,2026-09-04 05:00:00,14.149999618530272,14.579999923706056,13.800000190734863,14.529999732971191,14.529999732971191,0
^VIX,2026-09-07 05:00:00,15.020000457763672,15.31999969482422,14.989999771118164,15.300000190734863,15.300000190734863,0
^VIX,2026-09-08 05:00:00,15.5600004196167,15.9399995803833,15.220000267028809,15.720000267028809,15.720000267028809,0
^VIX,2026-09-09 05:00:00,15.649999618530272,16.68000030517578,15.56999969482422,16.459999084472656,16.459999084472656,0
^VIX,2026-09-10 05:00:00,16.309999465942383,18.170000076293945,16.290000915527344,17.84000015258789,17.84000015258789,0
^VIX,2026-09-11 05:00:00,17.510000228881836,17.709999084472656,15.59000015258789,15.84000015258789,15.84000015258789,0
^VIX,2026-09-14 05:00:00,17.5,18.170000076293945,16.579999923706055,17.100000381469727,17.100000381469727,0
^VIX,2026-09-15 05:00:00,17.56999969482422,18.030000686645508,16.790000915527344,17.200000762939453,17.200000762939453,0
^VIX,2026-09-16 05:00:00,16.90999984741211,18.940000534057617,16.399999618530273,17.709999084472656,17.709999084472656,0
^VIX,2026-09-17 05:00:00,16.030000686645508,16.290000915527344,15.380000114440918,15.4399995803833,15.4399995803833,0
^VIX,2026-09-18 05:00:00,15.06999969482422,15.630000114440918,14.800000190734863,14.8100004196167,14.8100004196167,0
^VIX,2026-09-21 05:00:00,14.960000038146973,15.130000114440918,14.600000381469728,14.869999885559082,14.869999885559082,0
^VIX,2026-09-22 05:00:00,14.640000343322754,14.949999809265137,14.1899995803833,14.210000038146973,14.210000038146973,0
^VIX,2026-09-23 05:00:00,14.15999984741211,15.449999809265137,14.119999885559082,15.18000030517578,15.18000030517578,0
^VIX,2026-09-24 05:00:00,15.829999923706056,16.56999969482422,15.34000015258789,15.670000076293944,15.670000076293944,0
^VIX,2026-09-25 05:00:00,15.609999656677246,15.9399995803833,14.68000030517578,14.869999885559082,14.869999885559082,0
^VIX,2026-09-28 05:00:00,16.15999984741211,16.6200008392334,15.68000030517578,16.06999969482422,16.06999969482422,0
^VIX,2026-09-29 05:00:00,16.170000076293945,16.440000534057617,15.729999542236328,16.040000915527344,16.040000915527344,0
^VIX,2026-09-30 05:00:00,15.93000030517578,16.610000610351562,15.619999885559082,16.34000015258789,16.34000015258789,0
^VIX,2026-10-01 05:00:00,16.329999923706055,17.59000015258789,16.209999084472656,16.389999389648438,16.389999389648438,0
^VIX,2026-10-02 05:00:00,16.149999618530273,16.239999771118164,15.300000190734863,15.3100004196167,15.3100004196167,0
^XAX,2026-05-12 04:00:00,9075.4404296875,9216.83984375,9051.6796875,9202.330078125,9202.330078125,0
^XAX,2026-05-13 04:00:00,9202.330078125,9231.759765625,9108.4404296875,9134.8603515625,9134.8603515625,0
^XAX,2026-05-14 04:00:00,9134.8603515625,9161.259765625,9032.6201171875,9117.0400390625,9117.0400390625,0
^XAX,2026-05-15 04:00:00,9117.0400390625,9165.2001953125,9014.0302734375,9158.9599609375,9158.9599609375,0
^XAX,2026-05-18 04:00:00,9158.9599609375,9303.669921875,9105.0302734375,9270.240234375,9270.240234375,0
^XAX,2026-05-19 04:00:00,9270.240234375,9292.5302734375,9105.490234375,9185.1103515625,9185.1103515625,0
^XAX,2026-05-20 04:00:00,9185.1103515625,9210.2998046875,9058.2099609375,9070.990234375,9070.990234375,0
^XAX,2026-05-21 04:00:00,9070.990234375,9111.7900390625,9019.23046875,9070.169921875,9070.169921875,0
^XAX,2026-05-22 04:00:00,9070.169921875,9106.7001953125,9000.849609375,9026.83984375,9026.83984375,0
^XAX,2026-05-26 04:00:00,9026.83984375,9026.83984375,8871.080078125,8897.169921875,8897.169921875,0
^XAX,2026-05-27 04:00:00,8897.169921875,8897.169921875,8674.01953125,8686.419921875,8686.419921875,0
^XAX,2026-05-28 04:00:00,8686.419921875,8762.0302734375,8619.8603515625,8632.599609375,8632.599609375,0
^XAX,2026-05-29 04:00:00,8632.599609375,8632.599609375,8442.9404296875,8484.509765625,8484.509765625,0
^XAX,2026-06-01 04:00:00,8484.509765625,8616.9697265625,8475.98046875,8553.2998046875,8553.2998046875,0
^XAX,2026-06-02 04:00:00,8553.2998046875,8789.6396484375,8539.6396484375,8762.8603515625,8762.8603515625,0
^XAX,2026-06-03 04:00:00,8762.8603515625,8844.169921875,8749.41015625,8750.580078125,8750.580078125,0
^XAX,2026-06-04 04:00:00,8750.580078125,8807.2998046875,8671.2900390625,8788.4697265625,8788.4697265625,0
^XAX,2026-06-05 04:00:00,8788.4697265625,8788.4697265625,8398.6396484375,8404.7001953125,8404.7001953125,0
^XAX,2026-06-08 04:00:00,8404.7001953125,8583.5703125,8400.830078125,8412.2197265625,8412.2197265625,0
^XAX,2026-06-09 04:00:00,8412.2197265625,8433.6904296875,8135.56982421875,8211.919921875,8211.919921875,0
^XAX,2026-06-10 04:00:00,8211.919921875,8356.0703125,8211.919921875,8231.7998046875,8231.7998046875,0
^XAX,2026-06-11 04:00:00,8231.7998046875,8425.2900390625,8231.7998046875,8348.1103515625,8348.1103515625,0
^XAX,2026-06-12 04:00:00,8348.1103515625,8433.240234375,8294.919921875,8395.75,8395.75,0
^XAX,2026-06-15 04:00:00,8395.75,8397.5595703125,8243.4296875,8390.8095703125,8390.8095703125,0
^XAX,2026-06-16 04:00:00,8390.8095703125,8415.599609375,8267.3701171875,8272.6904296875,8272.6904296875,0
^XAX,2026-06-17 04:00:00,8272.6904296875,8285.48046875,8019.60986328125,8019.9501953125,8019.9501953125,0
^XAX,2026-06-18 04:00:00,8019.9501953125,8019.9501953125,7829.4501953125,7938.080078125,7938.080078125,0
^XAX,2026-06-22 04:00:00,7938.080078125,7989.330078125,7866.02001953125,7975.77001953125,7975.77001953125,0
^XAX,2026-06-23 04:00:00,7975.77001953125,8009.2099609375,7866.89990234375,7941.56982421875,7941.56982421875,0
^XAX,2026-06-24 04:00:00,7941.56982421875,7941.56982421875,7725.9501953125,7780.2900390625,7780.2900390625,0
^XAX,2026-06-25 04:00:00,7780.2900390625,7873.85986328125,7764.919921875,7809.97021484375,7809.97021484375,0
^XAX,2026-06-26 04:00:00,7809.97021484375,7874.580078125,7770.72021484375,7819.990234375,7819.990234375,0
^XAX,2026-06-29 04:00:00,7819.990234375,7880.77001953125,7773.02978515625,7801.93994140625,7801.93994140625,0
^XAX,2026-06-30 04:00:00,7801.93994140625,7868.330078125,7756.18017578125,7759.33984375,7759.33984375,0
^XAX,2026-07-01 04:00:00,7759.33984375,7823.16015625,7695.14990234375,7713.89013671875,7713.89013671875,0
^XAX,2026-07-02 04:00:00,7713.89013671875,7890.9599609375,7713.89013671875,7856.919921875,7856.919921875,0
^XAX,2026-07-06 04:00:00,7856.919921875,7939.0400390625,7799.990234375,7816.14990234375,7816.14990234375,0
^XAX,2026-07-07 04:00:00,7816.14990234375,7961.240234375,7816.14990234375,7915.64990234375,7915.64990234375,0
^XAX,2026-07-08 04:00:00,7915.64990234375,8098.97998046875,7915.64990234375,8095.759765625,8095.759765625,0
^XAX,2026-07-09 04:00:00,8095.759765625,8140.240234375,8071.919921875,8083.580078125,8083.580078125,0
^XAX,2026-07-10 04:00:00,8083.580078125,8146.18994140625,8076.4501953125,8108.080078125,8108.080078125,0
^XAX,2026-07-13 04:00:00,8108.080078125,8264.7802734375,8108.080078125,8222.7900390625,8222.7900390625,0
^XAX,2026-07-14 04:00:00,8222.7900390625,8352.8798828125,8177.85986328125,8188.14990234375,8188.14990234375,0
^XAX,2026-07-15 04:00:00,8188.14990234375,8225.9501953125,8044.56982421875,8081.75,8081.75,0
^XAX,2026-07-16 04:00:00,8081.75,8081.75,7987.75,7995.89013671875,7995.89013671875,0
^XAX,2026-07-17 04:00:00,7995.89013671875,8111.5,7995.89013671875,8097.58984375,8097.58984375,0
^XAX,2026-07-20 04:00:00,8097.58984375,8122.02001953125,8046.66015625,8105.2998046875,8105.2998046875,0
^XAX,2026-07-21 04:00:00,8105.2998046875,8237.0595703125,8105.2998046875,8226.0,8226.0,0
^XAX,2026-07-22 04:00:00,8226.0,8418.41015625,8226.0,8305.7998046875,8305.7998046875,0
^XAX,2026-07-23 04:00:00,8305.7998046875,8448.4599609375,8305.7998046875,8423.4404296875,8423.4404296875,0
^XAX,2026-07-24 04:00:00,8423.4404296875,8468.6103515625,8379.3701171875,8402.900390625,8402.900390625,0
^XAX,2026-07-27 04:00:00,8402.900390625,8402.900390625,8256.4404296875,8324.0302734375,8324.0302734375,0
^XAX,2026-07-28 04:00:00,8324.0302734375,8338.9501953125,8213.25,8285.0595703125,8285.0595703125,0
^XAX,2026-07-29 04:00:00,8285.0595703125,8441.5400390625,8285.0595703125,8383.919921875,8383.919921875,0
^XAX,2026-07-30 04:00:00,8383.919921875,8463.6396484375,8340.3603515625,8438.2802734375,8438.2802734375,0
^XAX,2026-07-31 04:00:00,8438.2802734375,8469.33984375,8227.8095703125,8448.1396484375,8448.1396484375,0
^XAX,2026-08-03 04:00:00,8448.1396484375,8448.1396484375,8270.1298828125,8359.73046875,8359.73046875,0
^XAX,2026-08-04 04:00:00,8359.73046875,8516.0595703125,8310.01953125,8461.25,8461.25,0
^XAX,2026-08-05 04:00:00,8461.25,8550.75,8440.4404296875,8441.6201171875,8441.6201171875,0
^XAX,2026-08-06 04:00:00,8441.6201171875,8537.66015625,8418.2197265625,8487.599609375,8487.599609375,0
^XAX,2026-08-07 04:00:00,8487.599609375,8541.7001953125,8439.7197265625,8524.650390625,8524.650390625,0
^XAX,2026-08-10 04:00:00,8524.650390625,8768.91015625,8524.650390625,8721.1103515625,8721.1103515625,0
^XAX,2026-08-11 04:00:00,8721.1103515625,8785.9599609375,8720.8896484375,8764.849609375,8764.849609375,0
^XAX,2026-08-12 04:00:00,8764.849609375,8820.0,8729.2197265625,8805.5498046875,8805.5498046875,0
^XAX,2026-08-13 04:00:00,8805.5498046875,8895.509765625,8726.58984375,8872.5595703125,8872.5595703125,0
^XAX,2026-08-14 04:00:00,8872.5595703125,9031.0302734375,8872.5595703125,8925.75,8925.75,0
^XAX,2026-08-17 04:00:00,8925.75,9013.3798828125,8925.75,8994.91015625,8994.91015625,0
^XAX,2026-08-18 04:00:00,8994.91015625,9047.9404296875,8882.6103515625,8953.0400390625,8953.0400390625,0
^XAX,2026-08-19 04:00:00,8953.0400390625,9141.0595703125,8953.0400390625,9033.0498046875,9033.0498046875,0
^XAX,2026-08-20 04:00:00,9033.0498046875,9129.0400390625,9033.0498046875,9058.1396484375,9058.1396484375,0
^XAX,2026-08-21 04:00:00,9058.1396484375,9179.98046875,9058.1396484375,9179.1396484375,9179.1396484375,0
^XAX,2026-08-24 04:00:00,9179.1396484375,9179.1396484375,9079.0595703125,9145.259765625,9145.259765625,0
^XAX,2026-08-25 04:00:00,9145.259765625,9145.259765625,8923.7197265625,8930.26953125,8930.26953125,0
^XAX,2026-08-26 04:00:00,8930.26953125,8951.3095703125,8812.0302734375,8904.150390625,8904.150390625,0
^XAX,2026-08-27 04:00:00,8904.150390625,8951.7998046875,8825.58984375,8943.009765625,8943.009765625,0
^XAX,2026-08-28 04:00:00,8943.009765625,8947.740234375,8767.33984375,8798.400390625,8798.400390625,0
^XAX,2026-08-31 04:00:00,8798.400390625,8936.3203125,8745.8095703125,8801.150390625,8801.150390625,0
^XAX,2026-09-01 04:00:00,8801.150390625,8911.51953125,8793.48046875,8901.23046875,8901.23046875,0
^XAX,2026-09-02 04:00:00,8901.23046875,8938.8603515625,8841.7197265625,8890.5595703125,8890.5595703125,0
^XAX,2026-09-03 04:00:00,8890.5595703125,8976.25,8816.3798828125,8846.76953125,8846.76953125,0
^XAX,2026-09-04 04:00:00,8846.76953125,8846.76953125,8637.4599609375,8659.9296875,8659.9296875,0
^XAX,2026-09-08 04:00:00,8659.9296875,8862.9404296875,8659.9296875,8777.2197265625,8777.2197265625,0
^XAX,2026-09-09 04:00:00,8777.2197265625,8892.5703125,8747.98046875,8783.48046875,8783.48046875,0
^XAX,2026-09-10 04:00:00,8783.48046875,8783.48046875,8664.3896484375,8664.5595703125,8664.5595703125,0
^XAX,2026-09-11 04:00:00,8664.5595703125,8682.5302734375,8557.080078125,8622.080078125,8622.080078125,0
^XAX,2026-09-14 04:00:00,8622.080078125,8779.4599609375,8622.080078125,8662.16015625,8662.16015625,0
^XAX,2026-09-15 04:00:00,8662.16015625,8858.0595703125,8662.16015625,8803.2197265625,8803.2197265625,0
^XAX,2026-09-16 04:00:00,8803.2197265625,8803.2197265625,8471.900390625,8542.240234375,8542.240234375,0
^XAX,2026-09-17 04:00:00,8542.240234375,8681.6298828125,8542.240234375,8624.9501953125,8624.9501953125,0
^XAX,2026-09-18 04:00:00,8624.9501953125,8627.1298828125,8556.7998046875,8602.3603515625,8602.3603515625,0
^XAX,2026-09-21 04:00:00,8602.3603515625,8602.3603515625,8400.8701171875,8424.490234375,8424.490234375,0
^XAX,2026-09-22 04:00:00,8424.490234375,8436.4404296875,8329.26953125,8402.330078125,8402.330078125,0
^XAX,2026-09-23 04:00:00,8402.330078125,8406.9501953125,8295.1103515625,8338.3798828125,8338.3798828125,0
^XAX,2026-09-24 04:00:00,8338.3798828125,8399.5302734375,8311.240234375,8314.7197265625,8314.7197265625,0
^XAX,2026-09-25 04:00:00,8314.7197265625,8314.7197265625,8205.5498046875,8250.400390625,8250.400390625,0
^XAX,2026-09-28 04:00:00,8250.400390625,8282.4599609375,8165.66015625,8174.64013671875,8174.64013671875,0
^XAX,2026-09-29 04:00:00,8174.64013671875,8207.919921875,8110.7099609375,8156.93017578125,8156.93017578125,0
^XAX,2026-09-30 04:00:00,8156.93017578125,8265.0302734375,8156.93017578125,8186.64013671875,8186.64013671875,0
^XAX,2026-10-01 04:00:00,8186.64013671875,8238.5498046875,8140.080078125,8219.6796875,8219.6796875,0
^XAX,2026-10-02 04:00:00,8219.6796875,8325.91015625,8190.9501953125,8303.1796875,8303.1796875,0
